HebRefId,PositionInVerse,GermanWordPart,ElbWord,StepWord,StepPositionInVerse,IsAddedWord,ParentPositionInVerse,ParentWord
31001001,1,,Gesicht,חֲז֖וֹן,1,False,,
31001001,2,,Obadjas,עֹֽבַדְיָ֑ה,2,False,,
31001001,3,,So,כֹּֽה־,3,False,,
31001001,4,,spricht,אָמַר֩,4,False,,
31001001,5,,der,אֲדֹנָ֨י,5,False,,
31001001,6,,Herr,אֲדֹנָ֨י,5,False,,
31001001,7,,Jahwe,יְהוִ֜ה,6,False,,
31001001,8,,von,לֶאֱד֗וֹם,7,False,,
31001001,9,,Edom,לֶאֱד֗וֹם,7,False,,
31001001,10,,Eine,שְׁמוּעָ֨ה,8,False,,
31001001,11,,Kunde,שְׁמוּעָ֨ה,8,False,,
31001001,12,,haben,שָׁמַ֜עְנוּ,9,False,,
31001001,13,,wir,שָׁמַ֜עְנוּ,9,False,,
31001001,14,,von,מֵאֵ֤ת,10,False,,
31001001,15,,Jahwe,יְהוָה֙,11,False,,
31001001,16,,gehört,שָׁמַ֜עְנוּ,9,False,,
31001001,17,,und,וְצִיר֙,12,False,,
31001001,18,,ein,וְצִיר֙,12,False,,
31001001,19,,Bote,וְצִיר֙,12,False,,
31001001,20,,ist,שֻׁלָּ֔ח,14,False,,
31001001,21,,unter,בַּגּוֹיִ֣ם,13,False,,
31001001,22,,die,בַּגּוֹיִ֣ם,13,False,,
31001001,23,,Nationen,בַּגּוֹיִ֣ם,13,False,,
31001001,24,,gesandt,שֻׁלָּ֔ח,14,False,,
31001001,25,,worden,שֻׁלָּ֔ח,14,False,,
31001001,26,,Machet,ק֛וּמוּ,15,False,,
31001001,27,,euch,ק֛וּמוּ,15,False,,
31001001,28,,auf,ק֛וּמוּ,15,False,,
31001001,29,,und,וְנָק֥וּמָה,16,False,,
31001001,30,,laßt,וְנָק֥וּמָה,16,False,,
31001001,31,,uns,וְנָק֥וּמָה,16,False,,
31001001,32,,wider,עָלֶיהָ,17,False,,
31001001,33,,dasselbe,עָלֶיהָ,17,False,,
31001001,34,,aufstehen,וְנָק֥וּמָה,16,False,,
31001001,35,,zum,לַמִּלְחָמָֽה׃,18,False,,
31001001,36,,Kriege,לַמִּלְחָמָֽה׃,18,False,,
31001002,1,,Siehe,הִנֵּ֥ה,1,False,,
31001002,2,,ich,נְתַתִּ֖יךָ,3,False,,
31001002,3,,habe,נְתַתִּ֖יךָ,3,False,,
31001002,4,,dich,נְתַתִּ֖יךָ,3,False,,
31001002,5,,klein,קָטֹ֛ן,2,False,,
31001002,6,,gemacht,נְתַתִּ֖יךָ,3,False,,
31001002,7,,unter,בַּגּוֹיִ֑ם,4,False,,
31001002,8,,den,בַּגּוֹיִ֑ם,4,False,,
31001002,9,,Nationen,בַּגּוֹיִ֑ם,4,False,,
31001002,10,,du,אַתָּ֖ה,6,False,,
31001002,11,,bist,אַתָּ֖ה,6,False,,
31001002,12,,sehr,מְאֹֽד׃,7,False,,
31001002,13,,verachtet,בָּז֥וּי,5,False,,
31001003,1,,Der,זְד֤וֹן,1,False,,
31001003,2,,Übermut,זְד֤וֹן,1,False,,
31001003,3,,deines,לִבְּךָ֙,2,False,,
31001003,4,,Herzens,לִבְּךָ֙,2,False,,
31001003,5,,hat,הִשִּׁיאֶ֔ךָ,3,False,,
31001003,6,,dich,הִשִּׁיאֶ֔ךָ,3,False,,
31001003,7,,verführt,הִשִּׁיאֶ֔ךָ,3,False,,
31001003,8,,der,שֹׁכְנִ֥י,4,False,,
31001003,9,,du,שֹׁכְנִ֥י,4,False,,
31001003,10,,in,בְחַגְוֵי־,5,False,,
31001003,11,,Felsenklüften,בְחַגְוֵי־,5,False,,
31001003,12,,auf,סֶּ֖לַע,6,False,,
31001003,13,,hohem,מְר֣וֹם,7,False,,
31001003,14,,Sitze,שִׁבְתּ֑וֹ,8,False,,
31001003,15,,wohnst,שֹׁכְנִ֥י,4,False,,
31001003,16,,und,אֹמֵ֣ר,9,False,,
31001003,17,,in,בְּלִבּ֔וֹ,10,False,,
31001003,18,,deinem,בְּלִבּ֔וֹ,10,False,,
31001003,19,,Herzen,בְּלִבּ֔וֹ,10,False,,
31001003,20,,sprichst,אֹמֵ֣ר,9,False,,
31001003,21,,Wer,מִ֥י,11,False,,
31001003,22,,wird,יוֹרִדֵ֖נִי,12,False,,
31001003,23,,mich,יוֹרִדֵ֖נִי,12,False,,
31001003,24,,zur,אָֽרֶץ׃,13,False,,
31001003,25,,Erde,אָֽרֶץ׃,13,False,,
31001003,26,,hinabstürzen,יוֹרִדֵ֖נִי,12,False,,
31001004,1,,Wenn,אִם־,1,False,,
31001004,2,,du,תַּגְבִּ֣יהַּ,2,False,,
31001004,3,,dein,קִנֶּ֑ךָ,8,False,,
31001004,4,,Nest,קִנֶּ֑ךָ,8,False,,
31001004,5,,auch,וְאִם־,4,False,,
31001004,6,,hoch,תַּגְבִּ֣יהַּ,2,False,,
31001004,7,,baust,תַּגְבִּ֣יהַּ,2,False,,
31001004,8,,wie,כַּנֶּ֔שֶׁר,3,False,,
31001004,9,,der,כַּנֶּ֔שֶׁר,3,False,,
31001004,10,,Adler,כַּנֶּ֔שֶׁר,3,False,,
31001004,11,,und,וְאִם־,4,False,,
31001004,12,,wenn,וְאִם־,4,False,,
31001004,13,,es,שִׂ֣ים,7,False,,
31001004,14,,zwischen,בֵּ֥ין,5,False,,
31001004,15,,die,כּֽוֹכָבִ֖ים,6,False,,
31001004,16,,Sterne,כּֽוֹכָבִ֖ים,6,False,,
31001004,17,,gesetzt,שִׂ֣ים,7,False,,
31001004,18,,wäre,שִׂ֣ים,7,False,,
31001004,19,,ich,אוֹרִֽידְךָ֖,10,False,,
31001004,20,,werde,אוֹרִֽידְךָ֖,10,False,,
31001004,21,,dich,אוֹרִֽידְךָ֖,10,False,,
31001004,22,,von,מִשָּׁ֥ם,9,False,,
31001004,23,,dort,מִשָּׁ֥ם,9,False,,
31001004,24,,hinabstürzen,אוֹרִֽידְךָ֖,10,False,,
31001004,25,,spricht,נְאֻם־,11,False,,
31001004,26,,Jahwe,יְהוָֽה׃,12,False,,
31001005,1,,Wenn,אִם־,1,False,,
31001005,2,,Diebe,גַּנָּבִ֤ים,2,False,,
31001005,3,,über,בָּאֽוּ־,3,False,,
31001005,4,,dich,לְךָ֙,4,False,,
31001005,5,,gekommen,בָּאֽוּ־,3,False,,
31001005,6,,wären,בָּאֽוּ־,3,False,,
31001005,7,,wenn,אִם־,5,False,,
31001005,8,,nächtliche,לַ֔יְלָה,7,False,,
31001005,9,,Räuber,שׁ֣וֹדְדֵי,6,False,,
31001005,12,,bist,אֵ֣יךְ,8,False,,
31001005,12,,bist,נִדְמֵ֔יתָה,9,False,,
31001005,13,,du,נִדְמֵ֔יתָה,9,False,,
31001005,14,,vernichtet,נִדְמֵ֔יתָה,9,False,,
31001005,15,,würden,נִדְמֵ֔יתָה,9,False,,
31001005,16,,sie,יִגְנְב֖וּ,11,False,,
31001005,17,,nicht,הֲל֥וֹא,10,False,,
31001005,18,,gestohlen,יִגְנְב֖וּ,11,False,,
31001005,19,,haben,יִגְנְב֖וּ,11,False,,
31001005,19,,haben,דַּיָּ֑ם,12,False,,
31001005,20,,nach,דַּיָּ֑ם,12,False,,
31001005,20,,nach,אִם־,13,False,,
31001005,21,,ihrer,דַּיָּ֑ם,12,False,,
31001005,22,,Genüge,דַּיָּ֑ם,12,False,,
31001005,23,,Wenn,אִם־,13,False,,
31001005,24,,Winzer,בֹּֽצְרִים֙,14,False,,
31001005,25,,über,בָּ֣אוּ,15,False,,
31001005,26,,dich,לָ֔ךְ,16,False,,
31001005,27,,gekommen,בָּ֣אוּ,15,False,,
31001005,28,,wären,בָּ֣אוּ,15,False,,
31001005,29,,würden,הֲל֖וֹא,17,False,,
31001005,29,,würden,יַשְׁאִ֥ירוּ,18,False,,
31001005,30,,sie,יַשְׁאִ֥ירוּ,18,False,,
31001005,31,,nicht,הֲל֖וֹא,17,False,,
31001005,32,,eine,עֹלֵלֽוֹת׃,19,True,,
31001005,33,,Nachlese,עֹלֵלֽוֹת׃,19,False,,
31001005,34,,übriggelassen,יַשְׁאִ֥ירוּ,18,False,,
31001005,35,,haben,יַשְׁאִ֥ירוּ,18,True,,
31001006,1,,Wie,אֵ֚יךְ,1,False,,
31001006,2,,sind,נֶחְפְּשׂ֣וּ,2,False,,
31001006,3,,die,עֵשָׂ֔ו,3,False,,
31001006,4,,von,עֵשָׂ֔ו,3,False,,
31001006,5,,Esau,עֵשָׂ֔ו,3,False,,
31001006,6,,durchsucht,נֶחְפְּשׂ֣וּ,2,False,,
31001006,7,,ausgeforscht,נִבְע֖וּ,4,False,,
31001006,8,,ihre,מַצְפֻּנָֽיו׃,5,False,,
31001006,9,,verborgenen,מַצְפֻּנָֽיו׃,5,False,,
31001006,10,,Schätze,מַצְפֻּנָֽיו׃,5,False,,
31001007,1,,Alle,כֹּ֚ל,4,False,,
31001007,2,,deine,בְרִיתֶ֔ךָ,6,False,,
31001007,3,,Bundesgenossen,אַנְשֵׁ֣י,5,False,,
31001007,4,,haben,הִשִּׁיא֛וּךָ,7,False,,
31001007,5,,dich,הִשִּׁיא֛וּךָ,7,False,,
31001007,6,,bis,עַֽד־,1,False,,
31001007,7,,zur,הַגְּב֣וּל,2,False,,
31001007,8,,Grenze,הַגְּב֣וּל,2,False,,
31001007,9,,geschickt,שִׁלְּח֗וּךָ,3,False,,
31001007,10,,betrogen,הִשִּׁיא֛וּךָ,7,False,,
31001007,11,,überwältigt,יָכְל֥וּ,8,False,,
31001007,12,,haben,יָכְל֥וּ,8,False,,
31001007,13,,dich,לְךָ֖,9,False,,
31001007,14,,deine,אַנְשֵׁ֣י,10,False,,
31001007,15,,Freunde,אַנְשֵׁ֣י,10,False,,
31001007,16,,die,לַחְמְךָ֗,12,False,,
31001007,17,,dein,לַחְמְךָ֗,12,False,,
31001007,18,,Brot,לַחְמְךָ֗,12,False,,
31001007,19,,aßen,יָשִׂ֤ימוּ,13,False,,
31001007,20,,sie,יָשִׂ֤ימוּ,13,False,,
31001007,21,,legten,יָשִׂ֤ימוּ,13,False,,
31001007,22,,eine,מָזוֹר֙,14,True,,
31001007,23,,Schlinge,מָזוֹר֙,14,False,,
31001007,24,,unter,תַּחְתֶּ֔יךָ,15,False,,
31001007,25,,dich,תַּחְתֶּ֔יךָ,15,False,,
31001007,26,,Es,אֵ֥ין,16,False,,
31001007,27,,ist,אֵ֥ין,16,False,,
31001007,28,,kein,אֵ֥ין,16,False,,
31001007,29,,Verstand,תְּבוּנָ֖ה,17,False,,
31001007,30,,in,בּֽוֹ׃,18,False,,
31001007,31,,ihm,בּֽוֹ׃,18,False,,
31001008,1,,Werde,וְהַאֲבַדְתִּ֤י,6,False,,
31001008,2,,ich,וְהַאֲבַדְתִּ֤י,6,False,,
31001008,3,,nicht,הֲל֛וֹא,1,False,,
31001008,4,,an,בַּיּ֥וֹם,2,False,,
31001008,5,,jenem,הַה֖וּא,3,False,,
31001008,6,,Tage,בַּיּ֥וֹם,2,False,,
31001008,7,,spricht,נְאֻם,4,False,,
31001008,8,,Jahwe,יְהוָ֑ה,5,False,,
31001008,9,,die,חֲכָמִים֙,7,False,,
31001008,10,,Weisen,חֲכָמִים֙,7,False,,
31001008,11,,aus,מֵֽאֱד֔וֹם,8,False,,
31001008,12,,Edom,מֵֽאֱד֔וֹם,8,False,,
31001008,13,,vertilgen,וְהַאֲבַדְתִּ֤י,6,False,,
31001008,14,,und,וּתְבוּנָ֖ה,9,False,,
31001008,15,,den,וּתְבוּנָ֖ה,9,False,,
31001008,16,,Verstand,וּתְבוּנָ֖ה,9,False,,
31001008,17,,vom,מֵהַ֥ר,10,False,,
31001008,18,,Gebirge,מֵהַ֥ר,10,False,,
31001008,19,,Esaus,עֵשָֽׂו׃,11,False,,
31001009,1,,Und,וְחַתּ֥וּ,1,False,,
31001009,2,,deine,גִבּוֹרֶ֖יךָ,2,False,,
31001009,3,,Helden,גִבּוֹרֶ֖יךָ,2,False,,
31001009,4,,Teman,תֵּימָ֑ן,3,False,,
31001009,5,,werden,וְחַתּ֥וּ,1,False,,
31001009,6,,verzagen,וְחַתּ֥וּ,1,False,,
31001009,7,,auf,לְמַ֧עַן,4,False,,
31001009,8,,daß,לְמַ֧עַן,4,False,,
31001009,9,,jedermann,אִ֛ישׁ,6,False,,
31001009,10,,vom,מֵהַ֥ר,7,False,,
31001009,11,,Gebirge,מֵהַ֥ר,7,False,,
31001009,12,,Esaus,עֵשָׂ֖ו,8,False,,
31001009,13,,ausgerottet,יִכָּֽרֶת־,5,False,,
31001009,14,,werde,יִכָּֽרֶת־,5,False,,
31001009,15,,durch,מִקָּֽטֶל׃,9,False,,
31001009,16,,Ermordung,מִקָּֽטֶל׃,9,False,,
31001010,1,,Wegen,מֵחֲמַ֛ס,1,False,,
31001010,2,,der,מֵחֲמַ֛ס,1,False,,
31001010,3,,an,מֵחֲמַ֛ס,1,False,,
31001010,4,,deinem,אָחִ֥יךָ,2,False,,
31001010,5,,Bruder,אָחִ֥יךָ,2,False,,
31001010,6,,Jakob,יַעֲקֹ֖ב,3,False,,
31001010,7,,verübten,תְּכַסְּךָ֣,4,False,,
31001010,8,,Gewalttat,מֵחֲמַ֛ס,1,False,,
31001010,9,,wird,תְּכַסְּךָ֣,4,False,,
31001010,10,,Schande,בוּשָׁ֑ה,5,False,,
31001010,11,,dich,תְּכַסְּךָ֣,4,False,,
31001010,12,,bedecken,תְּכַסְּךָ֣,4,False,,
31001010,13,,und,וְנִכְרַ֖תָּ,6,False,,
31001010,14,,du,וְנִכְרַ֖תָּ,6,False,,
31001010,15,,wirst,וְנִכְרַ֖תָּ,6,False,,
31001010,16,,ausgerottet,וְנִכְרַ֖תָּ,6,False,,
31001010,17,,werden,וְנִכְרַ֖תָּ,6,False,,
31001010,18,,auf,לְעוֹלָֽם׃,7,False,,
31001010,19,,ewig,לְעוֹלָֽם׃,7,False,,
31001011,1,,An,בְּיוֹם֙,1,False,,
31001011,2,,dem,בְּיוֹם֙,1,False,,
31001011,3,,Tage,בְּיוֹם֙,1,False,,
31001011,4,,da,עֲמָֽדְךָ֣,2,False,,
31001011,5,,du,עֲמָֽדְךָ֣,2,False,,
31001011,6,,gegenüber,מִנֶּ֔גֶד,3,False,,
31001011,7,,standest,עֲמָֽדְךָ֣,2,False,,
31001011,8,,an,בְּי֛וֹם,4,False,,
31001011,9,,dem,בְּי֛וֹם,4,False,,
31001011,10,,Tage,בְּי֛וֹם,4,False,,
31001011,11,,da,בָּ֣אוּ,9,False,,
31001011,12,,Fremde,זָרִ֖ים,6,False,,
31001011,13,,sein,חֵיל֑וֹ,7,False,,
31001011,14,,Vermögen,חֵיל֑וֹ,7,False,,
31001011,15,,hinwegführten,חֵיל֑וֹ,7,False,,
31001011,16,,und,וְנָכְרִ֞ים,8,False,,
31001011,17,,Ausländer,וְנָכְרִ֞ים,8,False,,
31001011,18,,zu,בָּ֣אוּ,9,False,,
31001011,19,,seinen,שְׁעָרָ֗יו,10,False,,
31001011,20,,Toren,שְׁעָרָ֗יו,10,False,,
31001011,21,,einzogen,בָּ֣אוּ,9,False,,
31001011,22,,und,וְעַל־,11,False,,
31001011,23,,über,וְעַל־,11,False,,
31001011,24,,Jerusalem,יְרוּשָׁלִַ֙ם֙,12,False,,
31001011,25,,das,גוֹרָ֔ל,14,False,,
31001011,26,,Los,גוֹרָ֔ל,14,False,,
31001011,27,,warfen,יַדּ֣וּ,13,False,,
31001011,28,,da,גַּם־,15,False,,
31001011,29,,warst,אַתָּ֖ה,16,False,,
31001011,30,,auch,גַּם־,15,False,,
31001011,31,,du,אַתָּ֖ה,16,False,,
31001011,32,,wie,כְּאַחַ֥ד,17,False,,
31001011,33,,einer,כְּאַחַ֥ד,17,False,,
31001011,34,,von,מֵהֶֽם׃,18,False,,
31001011,35,,ihnen,מֵהֶֽם׃,18,False,,
31001012,1,,Und,וְאַל־,1,False,,
31001012,2,,du,וְאַל־,1,False,,
31001012,3,,solltest,וְאַל־,1,False,,
31001012,4,,nicht,וְאַל־,1,False,,
31001012,5,,auf,תֵּ֤רֶא,2,False,,
31001012,6,,den,בְיוֹם־,3,False,,
31001012,7,,Tag,בְיוֹם־,3,False,,
31001012,8,,deines,אָחִ֙יךָ֙,4,False,,
31001012,9,,Bruders,אָחִ֙יךָ֙,4,False,,
31001012,10,,sehen,תֵּ֤רֶא,2,False,,
31001012,11,,am,בְּי֣וֹם,5,False,,
31001012,12,,Tage,בְּי֣וֹם,5,False,,
31001012,13,,seines,נָכְר֔וֹ,6,False,,
31001012,14,,Mißgeschicks,נָכְר֔וֹ,6,False,,
31001012,15,,und,וְאַל־,7,False,,
31001012,16,,dich,תִּשְׂמַ֥ח,8,False,,
31001012,17,,nicht,וְאַל־,7,False,,
31001012,18,,freuen,תִּשְׂמַ֥ח,8,False,,
31001012,19,,über,לִבְנֵֽי־,9,False,,
31001012,20,,die,לִבְנֵֽי־,9,False,,
31001012,21,,Kinder,לִבְנֵֽי־,9,False,,
31001012,22,,Juda,יְהוּדָ֖ה,10,False,,
31001012,23,,am,בְּי֣וֹם,11,False,,
31001012,24,,Tage,בְּי֣וֹם,11,False,,
31001012,25,,ihres,אָבְדָ֑ם,12,False,,
31001012,26,,Untergangs,אָבְדָ֑ם,12,False,,
31001012,27,,noch,וְאַל־,13,False,,
31001012,28,,dein,פִּ֖יךָ,15,False,,
31001012,29,,Maul,פִּ֖יךָ,15,False,,
31001012,30,,aufsperren,תַּגְדֵּ֥ל,14,False,,
31001012,31,,am,בְּי֥וֹם,16,False,,
31001012,32,,Tage,בְּי֥וֹם,16,False,,
31001012,33,,der,צָרָֽה׃,17,False,,
31001012,34,,Bedrängnis,צָרָֽה׃,17,False,,
31001013,1,,du,אַתָּ֛ה,10,False,,
31001013,2,,solltest,אַל־,1,False,,
31001013,3,,nicht,אַל־,1,False,,
31001013,4,,in,תָּב֤וֹא,2,False,,
31001013,5,,das,בְשַֽׁעַר־,3,False,,
31001013,6,,Tor,בְשַֽׁעַר־,3,False,,
31001013,7,,meines,עַמִּי֙,4,False,,
31001013,8,,Volkes,עַמִּי֙,4,False,,
31001013,9,,einziehen,תָּב֤וֹא,2,False,,
31001013,10,,am,בְּי֣וֹם,5,False,,
31001013,11,,Tage,בְּי֣וֹם,5,False,,
31001013,12,,seiner,אֵידָ֔ם,6,False,,
31001013,13,,Not,אֵידָ֔ם,6,False,,
31001013,14,,und,אַל־,7,False,,
31001013,15,,du,אַתָּ֛ה,10,False,,
31001013,16,,auch,גַם־,9,False,,
31001013,17,,du,אַתָּ֛ה,10,False,,
31001013,18,,nicht,אַל־,7,False,,
31001013,19,,auf,תֵּ֧רֶא,8,False,,
31001013,20,,sein,בְּרָעָת֖וֹ,11,False,,
31001013,21,,Unglück,בְּרָעָת֖וֹ,11,False,,
31001013,22,,sehen,תֵּ֧רֶא,8,False,,
31001013,23,,am,בְּי֣וֹם,12,False,,
31001013,24,,Tage,בְּי֣וֹם,12,False,,
31001013,25,,seiner,אֵיד֑וֹ,13,False,,
31001013,26,,Not,אֵיד֑וֹ,13,False,,
31001013,27,,noch,וְאַל־,14,False,,
31001013,28,,deine,תִּשְׁלַ֥חְנָה,15,False,,
31001013,29,,Hand,תִּשְׁלַ֥חְנָה,15,False,,
31001013,30,,ausstrecken,תִּשְׁלַ֥חְנָה,15,False,,
31001013,31,,nach,בְחֵיל֖וֹ,16,False,,
31001013,32,,seinem,בְחֵיל֖וֹ,16,False,,
31001013,33,,Vermögen,בְחֵיל֖וֹ,16,False,,
31001013,34,,am,בְּי֥וֹם,17,False,,
31001013,35,,Tage,בְּי֥וֹם,17,False,,
31001013,36,,seiner,אֵידֽוֹ׃,18,False,,
31001013,37,,Not,אֵידֽוֹ׃,18,False,,
31001014,1,,und,וְאַֽל־,1,False,,
31001014,2,,du,וְאַֽל־,1,False,,
31001014,3,,solltest,וְאַֽל־,1,False,,
31001014,4,,nicht,וְאַֽל־,1,False,,
31001014,5,,am,עַל־,3,False,,
31001014,6,,Kreuzwege,הַפֶּ֔רֶק,4,False,,
31001014,7,,stehen,תַּעֲמֹד֙,2,False,,
31001014,8,,um,לְהַכְרִ֖ית,5,False,,
31001014,9,,seine,פְּלִיטָ֑יו,7,False,,
31001014,10,,Flüchtlinge,פְּלִיטָ֑יו,7,False,,
31001014,11,,zu,לְהַכְרִ֖ית,5,False,,
31001014,12,,vertilgen,לְהַכְרִ֖ית,5,False,,
31001014,13,,und,וְאַל־,8,False,,
31001014,14,,solltest,וְאַל־,8,False,,
31001014,15,,seine,שְׂרִידָ֖יו,10,False,,
31001014,16,,Entronnenen,שְׂרִידָ֖יו,10,False,,
31001014,17,,nicht,וְאַל־,8,False,,
31001014,18,,ausliefern,תַּסְגֵּ֥ר,9,False,,
31001014,19,,am,בְּי֥וֹם,11,False,,
31001014,20,,Tage,בְּי֥וֹם,11,False,,
31001014,21,,der,צָרָֽה׃,12,False,,
31001014,22,,Bedrängnis,צָרָֽה׃,12,False,,
31001015,1,,Denn,כִּֽי־,1,False,,
31001015,2,,der,,,True,3,Tag
31001015,3,,Tag,יוֹם־,3,False,,
31001015,4,,Jahwes,יְהוָ֖ה,4,False,,
31001015,5,,ist,,,True,6,nahe
31001015,6,,nahe,קָר֥וֹב,2,False,,
31001015,7,,über,עַל־,5,False,,
31001015,8,,alle,כָּל־,6,False,,
31001015,9,,Nationen,הַגּוֹיִ֑ם,7,False,,
31001015,10,,wie,כַּאֲשֶׁ֤ר,8,False,,
31001015,11,,du,,,True,12,getan
31001015,12,,getan,עָשִׂ֙יתָ֙,9,False,,
31001015,13,,hast,,,True,12,getan
31001015,14,,wird,יֵעָ֣שֶׂה,10,False,,
31001015,15,,dir,לָּ֔ךְ,11,False,,
31001015,16,,getan,,,True,17,werden
31001015,17,,werden,,,True,12,getan
31001015,18,,dein,גְּמֻלְךָ֖,12,False,,
31001015,19,,Tun,גְּמֻלְךָ֖,12,False,,
31001015,20,,wird,יָשׁ֥וּב,13,False,,
31001015,21,,auf,בְּרֹאשֶֽׁךָ׃,14,False,,
31001015,22,,dein,בְּרֹאשֶֽׁךָ׃,14,False,,
31001015,23,,Haupt,בְּרֹאשֶֽׁךָ׃,14,False,,
31001015,24,,zurückkehren,יָשׁ֥וּב,13,False,,
31001016,1,,Denn,כִּ֗י,1,False,,
31001016,2,,gleichwie,כַּֽאֲשֶׁ֤ר,2,False,,
31001016,3,,ihr,שְׁתִיתֶם֙,3,False,,
31001016,4,,getrunken,שְׁתִיתֶם֙,3,False,,
31001016,5,,habt,שְׁתִיתֶם֙,3,False,,
31001016,6,,auf,עַל־,4,False,,
31001016,7,,meinem,קָדְשִׁ֔י,6,False,,
31001016,8,,heiligen,קָדְשִׁ֔י,6,False,,
31001016,9,,Berge,הַ֣ר,5,False,,
31001016,10,,so,,,True,11,werden
31001016,11,,werden,יִשְׁתּ֥וּ,7,False,,
31001016,12,,beständig,תָּמִ֑יד,10,False,,
31001016,13,,trinken,יִשְׁתּ֥וּ,7,False,,
31001016,14,,alle,כָֽל־,8,False,,
31001016,15,,Nationen,הַגּוֹיִ֖ם,9,False,,
31001016,16,,ja,,,True,17,sie
31001016,17,,sie,וְשָׁת֣וּ,11,False,,
31001016,18,,werden,וְהָי֖וּ,13,False,,
31001016,19,,trinken,וְשָׁת֣וּ,11,False,,
31001016,20,,und,,,True,19,trinken
31001016,21,,schlürfen,וְלָע֔וּ,12,False,,
31001016,22,,und,,,True,25,wie
31001016,23,,werden,וְהָי֖וּ,13,False,,
31001016,24,,sein,וְהָי֖וּ,13,False,,
31001016,25,,wie,כְּל֥וֹא,14,False,,
31001016,26,,solche,כְּל֥וֹא,14,False,,
31001016,27,,die,הָיֽוּ׃,15,False,,
31001016,28,,nie,הָיֽוּ׃,15,False,,
31001016,29,,gewesen,הָיֽוּ׃,15,False,,
31001016,30,,sind,הָיֽוּ׃,15,False,,
31001017,1,,Aber,,,True,4,Berge
31001017,2,,auf,וּבְהַ֥ר,1,False,,
31001017,3,,dem,וּבְהַ֥ר,1,False,,
31001017,4,,Berge,וּבְהַ֥ר,1,False,,
31001017,5,,Zion,צִיּ֛וֹן,2,False,,
31001017,6,,wird,תִּהְיֶ֥ה,3,False,,
31001017,7,,Errettung,פְלֵיטָ֖ה,4,False,,
31001017,8,,sein,תִּהְיֶ֥ה,3,False,,
31001017,9,,und,,,True,10,er
31001017,10,,er,וְהָ֣יָה,5,False,,
31001017,11,,wird,וְהָ֣יָה,5,False,,
31001017,12,,heilig,קֹ֑דֶשׁ,6,False,,
31001017,13,,sein,וְהָ֣יָה,5,False,,
31001017,14,,und,,,True,21,Besitzungen
31001017,15,,die,,,True,17,Hause
31001017,16,,vom,בֵּ֣ית,8,False,,
31001017,17,,Hause,בֵּ֣ית,8,False,,
31001017,18,,Jakob,יַֽעֲקֹ֔ב,9,False,,
31001017,19,,werden,וְיָֽרְשׁוּ֙,7,False,,
31001017,20,,ihre,מוֹרָֽשֵׁיהֶם׃,11,False,,
31001017,21,,Besitzungen,מוֹרָֽשֵׁיהֶם׃,11,False,,
31001017,22,,wieder,,,True,24,Besitz
31001017,23,,in,,,True,24,Besitz
31001017,24,,Besitz,וְיָֽרְשׁוּ֙,7,False,,
31001017,25,,nehmen,,,True,24,Besitz
31001018,1,,Und,,,True,3,Haus
31001018,2,,das,,,True,3,Haus
31001018,3,,Haus,בֵית־,2,False,,
31001018,4,,Jakob,יַעֲקֹ֨ב,3,False,,
31001018,5,,wird,וְהָיָה֩,1,False,,
31001018,6,,ein,,,True,7,Feuer
31001018,7,,Feuer,אֵ֜שׁ,4,False,,
31001018,8,,sein,וְהָיָה֩,1,False,,
31001018,9,,und,,,True,12,Joseph
31001018,10,,das,,,True,12,Joseph
31001018,11,,Haus,וּבֵ֧ית,5,False,,
31001018,12,,Joseph,יוֹסֵ֣ף,6,False,,
31001018,13,,eine,,,True,14,Flamme
31001018,14,,Flamme,לֶהָבָ֗ה,7,False,,
31001018,15,,und,,,True,18,Esau
31001018,16,,das,,,True,18,Esau
31001018,17,,Haus,וּבֵ֤ית,8,False,,
31001018,18,,Esau,עֵשָׂו֙,9,False,,
31001018,19,,zu,לְקַ֔שׁ,10,False,,
31001018,20,,Stoppeln,לְקַ֔שׁ,10,False,,
31001018,21,,und,,,True,26,brennen
31001018,22,,sie,בָהֶ֖ם,12,False,,
31001018,23,,werden,וְדָלְק֥וּ,11,False,,
31001018,24,,unter,בָהֶ֖ם,12,False,,
31001018,25,,ihnen,בָהֶ֖ם,12,False,,
31001018,26,,brennen,וְדָלְק֥וּ,11,False,,
31001018,27,,und,,,True,29,verzehren
31001018,28,,sie,וַאֲכָל֑וּם,13,False,,
31001018,29,,verzehren,וַאֲכָל֑וּם,13,False,,
31001018,30,,Und,,,True,32,Haus
31001018,31,,das,,,True,32,Haus
31001018,32,,Haus,לְבֵ֣ית,17,False,,
31001018,33,,Esau,עֵשָׂ֔ו,18,False,,
31001018,34,,wird,יִֽהְיֶ֤ה,15,False,,
31001018,35,,keinen,וְלֹֽא־,14,False,,
31001018,36,,Übriggebliebenen,שָׂרִיד֙,16,False,,
31001018,37,,haben,יִֽהְיֶ֤ה,15,False,,
31001018,38,,denn,כִּ֥י,19,False,,
31001018,39,,Jahwe,יְהוָ֖ה,20,False,,
31001018,40,,hat,דִּבֵּֽר׃,21,False,,
31001018,41,,geredet,דִּבֵּֽר׃,21,False,,
31001019,1,,Und,,,True,4,Süden
31001019,2,,die,,,True,4,Süden
31001019,3,,vom,,,True,4,Süden
31001019,4,,Süden,הַנֶּ֜גֶב,2,False,,
31001019,5,,werden,וְיָרְשׁ֨וּ,1,False,,
31001019,6,,das,אֶת־,3,False,,
31001019,7,,Gebirge,הַ֣ר,4,False,,
31001019,8,,Esaus,עֵשָׂ֗ו,5,False,,
31001019,9,,und,,,True,18,nehmen
31001019,10,,die,,,True,15,Philister
31001019,11,,von,,,True,15,Philister
31001019,12,,der,,,True,13,Niederung
31001019,13,,Niederung,וְהַשְּׁפֵלָה֙,6,False,,
31001019,14,,die,אֶת־,7,False,,
31001019,15,,Philister,פְּלִשְׁתִּ֔ים,8,False,,
31001019,16,,in,,,True,18,nehmen
31001019,17,,Besitz,וְיָרְשׁוּ֙,9,False,,
31001019,18,,nehmen,וְיָרְשׁוּ֙,9,False,,
31001019,19,,und,,,True,21,werden
31001019,20,,sie,וְיָרְשׁוּ֙,9,False,,
31001019,21,,werden,וְיָרְשׁוּ֙,9,False,,
31001019,22,,das,אֶת־,10,False,,
31001019,23,,Gefilde,שְׂדֵ֣ה,11,False,,
31001019,24,,Ephraims,אֶפְרַ֔יִם,12,False,,
31001019,25,,und,וְאֵ֖ת,13,False,,
31001019,26,,das,וְאֵ֖ת,13,False,,
31001019,27,,Gefilde,שְׂדֵ֣ה,14,False,,
31001019,28,,Samarias,שֹׁמְר֑וֹן,15,False,,
31001019,29,,und,,,True,34,Besitz
31001019,30,,Benjamin,וּבִנְיָמִ֖ן,16,False,,
31001019,31,,wird,,,True,34,Besitz
31001019,32,,Gilead,הַגִּלְעָֽד׃,18,False,,
31001019,33,,in,אֶת־,17,False,,
31001019,34,,Besitz,וְיָרְשׁוּ֙,9,False,,
31001019,35,,nehmen,וְיָרְשׁוּ֙,9,False,,
31001020,1,,und,,,True,3,Weggeführten
31001020,2,,die,,,True,3,Weggeführten
31001020,3,,Weggeführten,וְגָלֻ֣ת,1,False,,
31001020,4,,dieses,הַ֠זֶּה,3,False,,
31001020,5,,Heeres,הַֽחֵל־,2,False,,
31001020,6,,der,,,True,7,Kinder
31001020,7,,Kinder,לִבְנֵ֨י,4,False,,
31001020,8,,Israel,יִשְׂרָאֵ֤ל,5,False,,
31001020,9,,werden,יִֽרְשׁ֕וּ,14,False,,
31001020,10,,in,,,True,11,Besitz
31001020,11,,Besitz,יִֽרְשׁ֕וּ,14,False,,
31001020,12,,nehmen,יִֽרְשׁ֕וּ,14,False,,
31001020,13,,was,,,True,16,gehört
31001020,14,,den,,,True,15,Kanaanitern
31001020,15,,Kanaanitern,כְּנַעֲנִים֙,7,False,,
31001020,16,,gehört,אֲשֶֽׁר־,6,False,,
31001020,17,,bis,עַד־,8,False,,
31001020,18,,nach,,,True,19,Zarpath
31001020,19,,Zarpath,צָ֣רְפַ֔ת,9,False,,
31001020,20,,hin,,,True,19,Zarpath
31001020,21,,und,,,True,23,Weggeführten
31001020,22,,die,,,True,23,Weggeführten
31001020,23,,Weggeführten,וְגָלֻ֥ת,10,False,,
31001020,24,,von,,,True,25,Jerusalem
31001020,25,,Jerusalem,יְרוּשָׁלִַ֖ם,11,False,,
31001020,26,,welche,אֲשֶׁ֣ר,12,False,,
31001020,27,,in,,,True,28,Sepharad
31001020,28,,Sepharad,בִּסְפָרַ֑ד,13,False,,
31001020,29,,sind,אֲשֶׁ֣ר,12,False,,
31001020,30,,die,,,True,31,Städte
31001020,31,,Städte,עָרֵ֥י,16,False,,
31001020,32,,des,,,True,33,Südens
31001020,33,,Südens,הַנֶּֽגֶב׃,17,False,,
31001021,1,,Und,,,True,9,ziehen
31001021,2,,es,,,True,3,werden
31001021,3,,werden,וְעָל֤וּ,1,False,,
31001021,4,,Retter,מֽוֹשִׁעִים֙,2,False,,
31001021,5,,auf,בְּהַ֣ר,3,False,,
31001021,6,,den,,,True,7,Berg
31001021,7,,Berg,בְּהַ֣ר,3,False,,
31001021,8,,Zion,צִיּ֔וֹן,4,False,,
31001021,9,,ziehen,וְעָל֤וּ,1,False,,
31001021,10,,um,לִשְׁפֹּ֖ט,5,False,,
31001021,11,,das,,,True,12,Gebirge
31001021,12,,Gebirge,הַ֣ר,7,False,,
31001021,13,,Esaus,עֵשָׂ֑ו,8,False,,
31001021,14,,zu,לִשְׁפֹּ֖ט,5,False,,
31001021,15,,richten,לִשְׁפֹּ֖ט,5,False,,
31001021,16,,und,,,True,19,wird
31001021,17,,das,,,True,18,Reich
31001021,18,,Reich,הַמְּלוּכָֽה׃,11,False,,
31001021,19,,wird,וְהָיְתָ֥ה,9,False,,
31001021,20,,Jahwe,לַֽיהוָ֖ה,10,False,,
31001021,21,,gehören,לַֽיהוָ֖ה,10,False,,
