HebRefId	PositionInVerse	Lemma	PartOfSpeech	Stts	Degree	VerbForm	Tense	Person	Number	Mood	Case	Gender
60001001	1	Petrus	PROPN	FM					S		Nom	M
60001001	2	Apostel	NOUN	NN					P		Nom	M
60001001	3	Jesu	PROPN	NE					S		Gen	
60001001	4	Christi	PROPN	NE					S		Nom	
60001001	5	der	DET	ART					S		Acc	M
60001001	6	Fremdling	NOUN	NN					P		Nom	F
60001001	7	von	ADP	APPR								
60001001	8	der	DET	ART					S		Nom	M
60001001	9	Zerstreuung	NOUN	NN					S		Nom	F
60001001	10	von	ADP	APPR								
60001001	11	Pontus	PROPN	NE					S		Nom	N
60001001	12	Galatien	PROPN	NE					S		Nom	N
60001001	13	Kappadocien	PROPN	NN					S		Nom	F
60001001	14	Asien	PROPN	NE					S		Nom	N
60001001	15	und	CCONJ	KON								
60001001	16	Bithynien	PROPN	NE					S		Nom	N
60001001	17	auserwählen	VERB	VVPP		Part						
60001002	1	nach	ADP	APPR								
60001002	2	Vorkenntnis	NOUN	NN					S		Nom	F
60001002	3	Gott	NOUN	NN					S		Gen	M
60001002	4	der	DET	ART					S		Gen	M
60001002	5	Vater	NOUN	NN					S		Gen	M
60001002	6	durch	ADP	APPR								
60001002	7	Heiligung	NOUN	NN					S		Nom	F
60001002	8	der	DET	ART					S		Gen	M
60001002	9	Geist	NOUN	NN					S		Gen	M
60001002	10	zu	ADP	APPRART					S		Dat	N
60001002	11	Gehorsam	NOUN	NN					S		Nom	M
60001002	12	und	CCONJ	KON								
60001002	13	zu	ADP	APPRART					S		Dat	F
60001002	14	Blutbesprengung	NOUN	NN					S		Nom	F
60001002	15	Jesu	PROPN	NE					S		Gen	
60001002	16	Christi	PROPN	NE					S		Nom	
60001002	17	Gnade	NOUN	NN					S		Nom	F
60001002	18	und	CCONJ	KON								
60001002	19	Friede	NOUN	NN					S		Nom	M
60001002	20	sein	AUX	VAFIN		Fin	Pres	3	S	Sub		
60001002	21	euch	PRON	PPER				2	P		Dat	
60001002	22	vermehren	ADV	ADJD	Pos							
60001003	1	Gepriesen	ADV	ADJD	Pos							
60001003	2	sein	AUX	VAFIN		Fin	Pres	3	S	Sub		
60001003	3	der	DET	ART					S		Nom	M
60001003	4	Gott	NOUN	NN					S		Nom	M
60001003	5	und	CCONJ	KON								
60001003	6	Vater	NOUN	NN					S		Nom	M
60001003	7	unser	DET	PPOSAT					S		Gen	M
60001003	8	Herr	NOUN	NN					S		Acc	M
60001003	9	Jesus	PROPN	PPER					S		Nom	M
60001003	10	Christus	PROPN	NE					S		Nom	M
60001003	11	der	DET	ART					S		Nom	M
60001003	12	nach	ADP	APPR								
60001003	13	sein	DET	PPOSAT					S		Dat	F
60001003	14	groß	ADJ	ADJA	Pos				S		Acc	M
60001003	15	Barmherzigkeit	NOUN	NN					S		Nom	F
60001003	16	uns	PRON	PPER				1	P		Acc	
60001003	17	wiedergezeugen	VERB	VVFIN		Fin	Pres	3	S	Ind		
60001003	18	haben	AUX	VAFIN		Fin	Pres	3	S	Ind		
60001003	19	zu	ADP	PTKVZ								
60001003	20	ein	PRON	ART					S		Nom	M
60001003	21	lebendig	ADJ	ADJA	Pos				S		Acc	M
60001003	22	Hoffnung	NOUN	NN					S		Nom	F
60001003	23	durch	ADP	APPR								
60001003	24	der	DET	ART					S		Nom	F
60001003	25	Auferstehung	NOUN	NN					S		Nom	F
60001003	26	Jesu	PROPN	NE					S		Gen	
60001003	27	Christi	PROPN	NE					S		Nom	
60001003	28	aus	ADP	PTKVZ								
60001003	29	der	DET	ART					S		Acc	M
60001003	30	tote	NOUN	NN					P		Nom	
60001004	1	zu	ADP	PTKVZ								
60001004	2	ein	DET	ART					S		Dat	M
60001004	3	unverweslich	ADJ	ADJA	Pos				P		Nom	
60001004	4	und	CCONJ	KON								
60001004	5	unbefleckt	ADJ	ADJA	Pos				S		Acc	M
60001004	6	und	CCONJ	KON								
60001004	7	Unverwelklichen	NOUN	NE					S		Nom	N
60001004	8	Erbteil	NOUN	NN					S		Nom	M
60001004	9	welcher	DET	PWAT					S		Acc	N
60001004	10	in	ADP	APPR								
60001004	11	der	DET	ART					S		Acc	M
60001004	12	Himmel	NOUN	NN					P		Dat	M
60001004	13	aufbewahren	VERB	VVPP		Part						
60001004	14	sein	AUX	VAFIN		Fin	Pres	3	S	Ind		
60001004	15	für	ADP	APPR								
60001004	16	euch	PRON	PPER				2	P		Dat	
60001005	1	der	DET	ART					S		Nom	F
60001005	2	ihr	PRON	PPOSAT				3	S		Dat	F
60001005	3	durch	ADP	APPR								
60001005	4	Gott	NOUN	NN					S		Gen	M
60001005	5	Macht	NOUN	NN					S		Nom	F
60001005	6	durch	ADP	APPR								
60001005	7	Glaube	NOUN	NN					S		Acc	M
60001005	8	bewahren	VERB	VVPP		Part						
60001005	9	werden	AUX	VAFIN		Fin	Pres	3	S	Ind		
60001005	10	zu	ADP	APPRART					S		Dat	F
60001005	11	Errettung	NOUN	NN					S		Nom	F
60001005	12	der	DET	ART					S		Nom	F
60001005	13	bereit	ADV	ADJD	Pos							
60001005	14	sein	AUX	VAFIN		Fin	Pres	3	S	Ind		
60001005	15	in	ADP	APPR								
60001005	16	der	DET	ART					S		Nom	M
60001005	17	letzter	ADJ	ADJA	Pos				S		Acc	M
60001005	18	Zeit	NOUN	NN					S		Nom	F
60001005	19	offenbaren	VERB	VVPP		Part						
60001005	20	zu	ADP	PTKVZ								
60001005	21	werden	AUX	VAFIN		Fin	Pres	3	P	Ind		
60001006	1	worin	SCONJ	PWAV								
60001006	2	ihr	PRON	PPOSAT				3	S		Dat	F
60001006	3	Frohlocket	NOUN	NN					S		Nom	N
60001006	4	der	DET	ART					S		Nom	F
60001006	5	ihr	PRON	PPOSAT				3	S		Dat	F
60001006	6	jetzt	ADV	ADV								
60001006	7	ein	DET	ART					S		Nom	F
60001006	8	klein	ADJ	ADJA	Pos				S		Nom	F
60001006	9	Zeit	NOUN	NN					S		Nom	F
60001006	10	wenn	SCONJ	KOUS								
60001006	11	es	PRON	PPER				3	S		Nom	N
60001006	12	nötig	ADV	ADJD	Pos							
60001006	13	sein	AUX	VAFIN		Fin	Pres	3	S	Ind		
60001006	14	betrüben	ADV	ADJD	Pos							
60001006	15	sein	AUX	VAFIN		Fin	Pres	2	P	Ind		
60001006	16	durch	ADP	APPR								
60001006	17	mancherlei	PRON	PIS								
60001006	18	Versuchung	NOUN	NN					P		Nom	F
60001007	1	auf	ADP	PTKVZ								
60001007	2	daß	SCONJ	KOUS								
60001007	3	der	DET	ART					S		Nom	F
60001007	4	Bewährung	NOUN	NN					S		Nom	F
60001007	5	eures	DET	PPOSAT					S		Nom	N
60001007	6	Glauben	NOUN	NN					S		Gen	M
60001007	7	viel	PRON	PIS								
60001007	8	köstlich	ADJ	ADJA	Pos				S		Nom	M
60001007	9	als	ADP	KOKOM								
60001007	10	der	DET	ART					S		Nom	F
60001007	11	der	DET	ART					S		Gen	M
60001007	12	Gold	NOUN	NN					S		Nom	N
60001007	13	der	DET	ART					S		Nom	N
60001007	14	vergehen	VERB	VVFIN		Fin	Pres	3	S	Ind		
60001007	15	aber	CCONJ	KON								
60001007	16	durch	ADP	APPR								
60001007	17	Feuer	NOUN	NN					S		Nom	N
60001007	18	erproben	VERB	VVPP		Part						
60001007	19	werden	AUX	VAFIN		Fin	Pres	3	S	Ind		
60001007	20	erfinden	VERB	VVPP		Part						
60001007	21	werden	AUX	VAFIN		Fin	Pres	3	S	Sub		
60001007	22	zu	ADP	PTKVZ								
60001007	23	Lob	NOUN	NN					S		Nom	N
60001007	24	und	CCONJ	KON								
60001007	25	Herrlichkeit	NOUN	NN					S		Nom	F
60001007	26	und	CCONJ	KON								
60001007	27	Ehre	NOUN	NN					S		Nom	F
60001007	28	in	ADP	APPR								
60001007	29	der	DET	ART					S		Nom	M
60001007	30	Offenbarung	NOUN	NN					S		Nom	F
60001007	31	Jesu	PROPN	NE					S		Gen	
60001007	32	Christi	PROPN	NE					S		Nom	
60001008	1	welcher	DET	PWAT					S		Acc	M
60001008	2	ihr	PRON	PPOSAT				3	S		Dat	F
60001008	3	obgleich	SCONJ	KOUS								
60001008	4	ihr	PRON	PPOSAT				3	S		Dat	F
60001008	5	ihn	PRON	PPER				3	S		Acc	M
60001008	6	nicht	PART	PTKNEG								
60001008	7	sehen	VERB	VVPP		Part						
60001008	8	habben	VERB	VAFIN				2	P	Imp		
60001008	9	Liebet	PROPN	NE					S		Nom	
60001008	10	an	ADP	PTKVZ								
60001008	11	welcher	DET	PWAT					S		Acc	M
60001008	12	glaubend	ADV	ADJD	Pos							
60001008	13	obgleich	SCONJ	KOUS								
60001008	14	ihr	PRON	PPOSAT				3	S		Dat	F
60001008	15	ihn	PRON	PPER				3	S		Acc	M
60001008	16	jetzt	ADV	ADV								
60001008	17	nicht	PART	PTKNEG								
60001008	18	seheen	VERB	VVFIN		Fin	Pres	3	S	Ind		
60001008	19	ihr	PRON	PPOSAT				3	S		Dat	F
60001008	20	mit	ADP	APPR								
60001008	21	unaussprechlich	ADV	ADJD	Cmp							
60001008	22	und	CCONJ	KON								
60001008	23	Verherrlichter	NOUN	NN					S		Nom	M
60001008	24	Freude	NOUN	NN					S		Nom	F
60001008	25	Frohlocket	NOUN	NN					S		Nom	N
60001009	1	indem	SCONJ	KOUS								
60001009	2	ihr	PRON	PPOSAT				3	S		Dat	F
60001009	3	der	DET	ART					S		Nom	N
60001009	4	Ende	NOUN	NN					S		Nom	N
60001009	5	eures	DET	PPOSAT					S		Nom	N
60001009	6	Glauben	NOUN	NN					S		Gen	M
60001009	7	der	DET	ART					S		Nom	F
60001009	8	Errettung	NOUN	NN					S		Nom	F
60001009	9	der	DET	ART					S		Nom	M
60001009	10	Seele	NOUN	NN					P		Nom	F
60001009	11	Davontraget	NOUN	NN					S		Nom	N
60001010	1	über	ADP	APPR								
60001010	2	welcher	DET	PWAT					S		Nom	F
60001010	3	Errettung	NOUN	NN					S		Nom	F
60001010	4	Prophet	NOUN	NN					P		Nom	M
60001010	5	nachsucht	VERB	VVFIN		Fin	Past	3	P	Ind		
60001010	6	und	CCONJ	KON								
60001010	7	nachforschen	VERB	VVFIN		Fin	Past	3	P	Ind		
60001010	8	der	DET	ART					S		Nom	F
60001010	9	von	ADP	APPR								
60001010	10	der	DET	ART					S		Nom	M
60001010	11	Gnade	NOUN	NN					S		Nom	F
60001010	12	gegen	ADP	APPR								
60001010	13	euch	PRON	PPER				2	P		Dat	
60001010	14	weissagen	VERB	VVPP		Part						
60001010	15	haben	AUX	VAFIN		Fin	Pres	3	P	Ind		
60001011	1	forschend	ADV	ADJD	Pos							
60001011	2	auf	ADP	PTKVZ								
60001011	3	welcher	DET	PWAT					S		Nom	F
60001011	4	oder	CCONJ	KON								
60001011	5	Welcherlei	NOUN	NN					S		Nom	N
60001011	6	Zeit	NOUN	NN					S		Nom	F
60001011	7	der	DET	ART					S		Nom	M
60001011	8	Geist	NOUN	NN					S		Nom	M
60001011	9	Christi	PROPN	NE					S		Nom	
60001011	10	der	DET	ART					S		Nom	M
60001011	11	in	ADP	APPR								
60001011	12	ihnen	PRON	PPER				3	P		Dat	
60001011	13	sein	AUX	VAFIN		Fin	Past	3	S	Ind		
60001011	14	hindeuten	VERB	VVFIN		Fin	Past	3	S	Ind		
60001011	15	als	ADP	KOKOM								
60001011	16	er	PRON	PPER				3	S		Nom	M
60001011	17	von	ADP	APPR								
60001011	18	der	DET	ART					S		Acc	M
60001011	19	leiden	NOUN	NN					S		Nom	N
60001011	20	der	DET	ART					S		Nom	F
60001011	21	auf	ADP	PTKVZ								
60001011	22	Christum	NOUN	NN					S		Nom	N
60001011	23	kommen	VERB	VVFIN		Fin	Pres	3	P	Ind		
60001011	24	sollen	AUX	VMFIN		Fin	Past	3	P	Ind		
60001011	25	und	CCONJ	KON								
60001011	26	von	ADP	APPR								
60001011	27	der	DET	ART					S		Acc	M
60001011	28	Herrlichkeit	NOUN	NN					P		Nom	F
60001011	29	danach	ADV	PROAV								
60001011	30	zuvor	ADV	ADV								
60001011	31	zeugen	VERB	VVFIN		Fin	Past	3	S	Ind		
60001012	1	welcher	DET	PWAT					S		Acc	M
60001012	2	es	PRON	PPER				3	S		Nom	N
60001012	3	offenbaren	VERB	VVPP		Part						
60001012	4	werden	AUX	VAFIN		Fin	Past	3	S	Ind		
60001012	5	daß	SCONJ	KOUS								
60001012	6	sie	PRON	PPER				3	P		Nom	
60001012	7	nicht	PART	PTKNEG								
60001012	8	für	ADP	APPR								
60001012	9	sich	PRON	PRF				3	S		Acc	
60001012	10	selbst	ADV	ADV								
60001012	11	sondern	CCONJ	KON								
60001012	12	für	ADP	APPR								
60001012	13	euch	PRON	PPER				2	P		Dat	
60001012	14	der	DET	ART					S		Nom	F
60001012	15	Ding	NOUN	NN					P		Nom	N
60001012	16	bedienen	VERB	VVFIN		Fin	Past	3	P	Ind		
60001012	17	der	DET	ART					S		Nom	F
60001012	18	euch	PRON	PPER				2	P		Dat	
60001012	19	jetzt	ADV	ADV								
60001012	20	verkündigen	VERB	VVPP		Part						
60001012	21	werden	AUX	VAPP		Part						
60001012	22	sein	AUX	VAFIN		Fin	Pres	3	P	Ind		
60001012	23	durch	ADP	APPR								
60001012	24	der	DET	ART					S		Nom	F
60001012	25	welcher	DET	PWAT					S		Nom	F
60001012	26	euch	PRON	PPER				2	P		Dat	
60001012	27	der	DET	ART					S		Nom	N
60001012	28	Evangelium	NOUN	NN					S		Nom	N
60001012	29	predigen	VERB	VVPP		Part						
60001012	30	haben	AUX	VAFIN		Fin	Pres	3	P	Ind		
60001012	31	durch	ADP	APPR								
60001012	32	der	DET	ART					S		Acc	M
60001012	33	von	ADP	APPRART					S		Dat	N
60001012	34	Himmel	NOUN	NN					S		Nom	M
60001012	35	gesanden	VERB	ADJA		Fin	Past	3	P	Ind		
60001012	36	heilig	NOUN	NN					P		Dat	
60001012	37	Geist	NOUN	NN					S		Nom	M
60001012	38	in	ADP	APPR								
60001012	39	welcher	DET	PWAT					S		Nom	F
60001012	40	Ding	NOUN	NN					P		Nom	N
60001012	41	Engel	NOUN	NN					S		Nom	M
60001012	42	hineinzuschauen	VERB	VVIZU		Inf						
60001012	43	begehren	VERB	VVFIN		Fin	Pres	3	P	Ind		
60001013	1	deshalb	ADV	PROAV								
60001013	2	umgürten	VERB	VVPP		Part						
60001013	3	der	DET	ART					S		Nom	F
60001013	4	Lenden	NOUN	NN					P		Dat	
60001013	5	eurer	PRON	PPOSAT							Gen	
60001013	6	Gesinnung	NOUN	NN					S		Nom	F
60001013	7	sein	AUX	VAFIN		Fin	Pres	2	P	Ind		
60001013	8	nüchtern	ADV	ADJD	Pos							
60001013	9	und	CCONJ	KON								
60001013	10	Hoffet	ADV	ADV								
60001013	11	völlig	ADV	ADJD	Pos							
60001013	12	auf	ADP	PTKVZ								
60001013	13	der	DET	ART					S		Nom	F
60001013	14	Gnade	NOUN	NN					S		Nom	F
60001013	15	der	DET	ART					S		Nom	F
60001013	16	euch	PRON	PPER				2	P		Dat	
60001013	17	bringen	VERB	VVPP		Part						
60001013	18	werden	AUX	VAFIN		Fin	Pres	3	S	Ind		
60001013	19	bei	ADP	APPR								
60001013	20	der	DET	ART					S		Nom	M
60001013	21	Offenbarung	NOUN	NN					S		Nom	F
60001013	22	Jesu	PROPN	NE					S		Gen	
60001013	23	Christi	PROPN	NE					S		Nom	
60001014	1	als	ADP	KOKOM								
60001014	2	Kind	NOUN	NN					P		Nom	N
60001014	3	der	DET	ART					S		Gen	M
60001014	4	Gehorsam	PROPN	NE					S		Gen	
60001014	5	bilden	VERB	VVFIN		Fin	Pres	3	S	Ind		
60001014	6	euch	PRON	PPER				2	P		Dat	
60001014	7	nicht	PART	PTKNEG								
60001014	8	nach	ADP	APPR								
60001014	9	der	DET	ART					S		Acc	M
60001014	10	vorig	ADJ	ADJA	Pos				S		Gen	M
60001014	11	Lüst	NOUN	NN					P		Nom	M
60001014	12	in	ADP	APPR								
60001014	13	eurer	PRON	PPOSAT							Gen	
60001014	14	Unwissenheit	NOUN	NN					S		Nom	F
60001015	1	sondern	CCONJ	KON								
60001015	2	wie	ADP	KOKOM								
60001015	3	der	DET	ART					S		Nom	M
60001015	4	welcher	PRON	PWAT					S		Nom	M
60001015	5	euch	PRON	PPER				2	P		Dat	
60001015	6	berufen	VERB	VVPP		Part						
60001015	7	haben	AUX	VAFIN		Fin	Pres	3	S	Ind		
60001015	8	heilig	ADV	ADJD	Pos							
60001015	9	sein	AUX	VAFIN		Fin	Pres	3	S	Ind		
60001015	10	sein	AUX	VAFIN		Fin	Pres	2	P	Ind		
60001015	11	auch	ADV	ADV								
60001015	12	ihr	PRON	PPOSAT				3	S		Dat	F
60001015	13	heilig	ADV	ADJD	Pos							
60001015	14	in	ADP	APPR								
60001015	15	alle	PRON	PIS					S		Dat	N
60001015	16	Wandel	NOUN	NN					S		Nom	M
60001016	1	denn	CCONJ	KON								
60001016	2	es	PRON	PPER				3	S		Nom	N
60001016	3	stehen	VERB	VVFIN		Fin	Pres	3	S	Ind		
60001016	4	schreiben	VERB	VVPP		Part						
60001016	5	Seid	NOUN	VAFIN					S		Acc	N
60001016	6	heilig	ADV	ADJD	Pos							
60001016	7	denn	CCONJ	KON								
60001016	8	ich	PRON	PPER				1	S		Nom	
60001016	9	sein	AUX	VAFIN		Fin	Pres	1	S	Ind		
60001016	10	heilig	ADV	ADJD	Pos							
60001017	1	und	CCONJ	KON								
60001017	2	wenn	SCONJ	KOUS								
60001017	3	ihr	PRON	PPOSAT				3	S		Dat	F
60001017	4	der	DET	ART					S		Acc	M
60001017	5	als	ADP	KOKOM								
60001017	6	Vater	NOUN	NN					S		Nom	M
60001017	7	Anrufet	NOUN	NE					S		Nom	F
60001017	8	der	DET	ART					S		Nom	M
60001017	9	ohne	ADP	APPR								
60001017	10	ansehen	NOUN	NN					S		Nom	N
60001017	11	der	DET	ART					S		Nom	M
60001017	12	Person	NOUN	NN					S		Nom	F
60001017	13	richten	VERB	VVFIN		Fin	Pres	3	S	Ind		
60001017	14	nach	ADP	APPR								
60001017	15	ein	PRON	ART					S		Nom	N
60001017	16	jeder	DET	PIS					S		Acc	M
60001017	17	Werk	NOUN	NN					S		Nom	N
60001017	18	so	ADV	ADV								
60001017	19	wandeln	VERB	VVFIN		Fin	Pres	3	S	Ind		
60001017	20	der	DET	ART					S		Nom	F
60001017	21	Zeit	NOUN	NN					S		Nom	F
60001017	22	eurer	PRON	PPOSAT							Gen	
60001017	23	Fremdlingschaft	NOUN	NN					S		Nom	F
60001017	24	in	ADP	APPR								
60001017	25	Furcht	NOUN	NN					S		Nom	F
60001018	1	indem	SCONJ	KOUS								
60001018	2	ihr	PRON	PPOSAT				3	S		Dat	F
60001018	3	wisset	VERB	VVFIN		Fin	Pres	3	S	Ind		
60001018	4	daß	SCONJ	KOUS								
60001018	5	ihr	PRON	PPOSAT				3	S		Dat	F
60001018	6	nicht	PART	PTKNEG								
60001018	7	mit	ADP	APPR								
60001018	8	verweslichen	NOUN	NN					S		Nom	N
60001018	9	Ding	NOUN	NN					P		Dat	N
60001018	10	mit	ADP	APPR								
60001018	11	Silber	NOUN	NN					S		Nom	N
60001018	12	oder	CCONJ	KON								
60001018	13	Gold	NOUN	NN					S		Nom	N
60001018	14	erlösen	VERB	VVPP		Part						
60001018	15	werden	AUX	VAPP		Part						
60001018	16	sein	AUX	VAFIN		Fin	Pres	2	P	Ind		
60001018	17	von	ADP	APPR								
60001018	18	eurer	DET	PPOSAT					S		Dat	M
60001018	19	eitel	ADJ	ADJA	Pos				S		Acc	M
60001018	20	von	ADP	APPR								
60001018	21	der	DET	ART					S		Acc	M
60001018	22	Vätern	NOUN	NN					P		Dat	M
60001018	23	überliefert	ADJ	ADJA	Pos				S		Acc	M
60001018	24	Wandel	NOUN	NN					S		Nom	M
60001019	1	sondern	CCONJ	KON								
60001019	2	mit	ADP	APPR								
60001019	3	der	DET	ART					S		Dat	M
60001019	4	kostbar	ADJ	ADJA	Pos				S		Acc	M
60001019	5	Blut	NOUN	NN					S		Nom	N
60001019	6	Christi	PROPN	NE					S		Nom	
60001019	7	als	ADP	KOKOM								
60001019	8	ein	PRON	ART					S		Nom	N
60001019	9	Lamme	NOUN	NN					S		Nom	N
60001019	10	ohne	ADP	APPR								
60001019	11	Fehl	NOUN	NN					S		Nom	M
60001019	12	und	CCONJ	KON								
60001019	13	ohne	ADP	APPR								
60001019	14	Flecken	NOUN	NN					P		Nom	M
60001020	1	welcher	PRON	PWAT					S		Nom	M
60001020	2	zwar	ADV	ADV								
60001020	3	zuvorerkannt	VERB	VVPP		Part						
60001020	4	sein	AUX	VAFIN		Fin	Pres	3	S	Ind		
60001020	5	vor	ADP	APPR								
60001020	6	Grundlegung	NOUN	NN					S		Nom	F
60001020	7	der	DET	ART					S		Nom	M
60001020	8	Welt	NOUN	NN					S		Nom	F
60001020	9	aber	CCONJ	KON								
60001020	10	offenbaren	VERB	VVPP		Part						
60001020	11	werden	AUX	VAPP		Part						
60001020	12	an	ADP	APPRART					S		Dat	M
60001020	13	Ende	NOUN	NN					S		Nom	N
60001020	14	der	DET	ART					S		Nom	M
60001020	15	Zeit	NOUN	NN					P		Nom	F
60001020	16	um	ADP	APPR								
60001020	17	euretwillen	VERB	VVPP		Part						
60001021	1	der	DET	ART					S		Nom	F
60001021	2	ihr	PRON	PPOSAT				3	S		Dat	F
60001021	3	durch	ADP	APPR								
60001021	4	ihn	PRON	PPER				3	S		Acc	M
60001021	5	Glaubet	VERB	VVIMP				2	P	Imp		
60001021	6	an	ADP	PTKVZ								
60001021	7	Gott	NOUN	NN					S		Nom	M
60001021	8	der	DET	ART					S		Nom	M
60001021	9	ihn	PRON	PPER				3	S		Acc	M
60001021	10	aus	ADP	PTKVZ								
60001021	11	der	DET	ART					S		Acc	M
60001021	12	tote	NOUN	NN					P		Nom	
60001021	13	auferwecken	VERB	VVPP		Part						
60001021	14	und	CCONJ	KON								
60001021	15	ihm	PRON	PPER				3	S		Dat	M
60001021	16	Herrlichkeit	NOUN	NN					S		Nom	F
60001021	17	geben	VERB	VVPP		Part						
60001021	18	haben	AUX	VAFIN		Fin	Pres	3	S	Ind		
60001021	19	auf	ADP	PTKVZ								
60001021	20	daß	SCONJ	KOUS								
60001021	21	euer	DET	PPOSAT					S		Nom	M
60001021	22	Glaube	NOUN	NN					S		Nom	M
60001021	23	und	CCONJ	KON								
60001021	24	eure	DET	PPOSAT					S		Nom	F
60001021	25	Hoffnung	NOUN	NN					S		Nom	F
60001021	26	auf	ADP	PTKVZ								
60001021	27	Gott	NOUN	NN					S		Nom	M
60001021	28	sein	AUX	VAFIN		Fin	Pres	3	S	Sub		
60001022	1	da	SCONJ	KOUS								
60001022	2	ihr	PRON	PPOSAT				3	S		Dat	F
60001022	3	eure	DET	PPOSAT					S		Nom	F
60001022	4	Seele	NOUN	NN					P		Nom	F
60001022	5	reinigen	VERB	VVPP		Part						
60001022	6	habben	VERB	VAFIN				2	P	Imp		
60001022	7	durch	ADP	APPR								
60001022	8	der	DET	ART					S		Acc	M
60001022	9	Gehorsam	NOUN	NN					S		Nom	M
60001022	10	gegen	ADP	APPR								
60001022	11	der	DET	ART					S		Nom	F
60001022	12	Wahrheit	NOUN	NN					S		Nom	F
60001022	13	zu	ADP	APPRART					S		Dat	F
60001022	14	ungeheuchelten	NOUN	ADJA					P		Nom	M
60001022	15	Bruderliebe	NOUN	NN					P		Nom	M
60001022	16	so	ADV	ADV								
60001022	17	Liebet	PROPN	NE					S		Nom	
60001022	18	sich	PRON	PRF				3	P		Dat	
60001022	19	mit	ADP	APPR								
60001022	20	Inbrunst	NOUN	NN					S		Nom	F
60001022	21	aus	ADP	PTKVZ								
60001022	22	rein	PRON	VVPP					S		Dat	M
60001022	23	Herz	NOUN	NN					S		Nom	N
60001023	1	der	DET	ART					S		Nom	F
60001023	2	ihr	PRON	PPOSAT				3	S		Dat	F
60001023	3	nicht	PART	PTKNEG								
60001023	4	wiedergeboren	VERB	VVPP		Part						
60001023	5	sein	AUX	VAFIN		Fin	Pres	2	P	Ind		
60001023	6	aus	ADP	PTKVZ								
60001023	7	verweslich	ADJ	ADJA	Pos				S		Dat	N
60001023	8	Same	NOUN	NN					P		Nom	M
60001023	9	sondern	CCONJ	KON								
60001023	10	aus	ADP	PTKVZ								
60001023	11	unverweslich	PROPN	NE					S		Nom	M
60001023	12	durch	ADP	APPR								
60001023	13	der	DET	ART					S		Nom	N
60001023	14	lebendig	ADJ	ADJA	Pos				S		Nom	F
60001023	15	und	CCONJ	KON								
60001023	16	bleibend	ADJ	ADJA	Pos				S		Nom	N
60001023	17	Wort	NOUN	NN					S		Nom	N
60001023	18	Gott	NOUN	NN					S		Gen	M
60001024	1	denn	CCONJ	KON								
60001024	2	alle	PRON	PIS					S		Nom	N
60001024	3	Fleisch	NOUN	NN					S		Nom	N
60001024	4	sein	AUX	VAFIN		Fin	Pres	3	S	Ind		
60001024	5	wie	ADP	KOKOM								
60001024	6	Gras	NOUN	NN					S		Nom	N
60001024	7	und	CCONJ	KON								
60001024	8	aller	PRON	PIS					P		Nom	
60001024	9	sein	DET	PPOSAT					S		Nom	F
60001024	10	Herrlichkeit	NOUN	NN					S		Nom	F
60001024	11	wie	ADP	KOKOM								
60001024	12	der	DET	ART					S		Gen	M
60001024	13	Grases	NOUN	NN					S		Gen	M
60001024	14	Blume	NOUN	NE					S		Nom	F
60001024	15	der	DET	ART					S		Nom	N
60001024	16	Gras	NOUN	NN					S		Nom	N
60001024	17	sein	AUX	VAFIN		Fin	Pres	3	S	Ind		
60001024	18	verdorren	VERB	VVFIN		Fin	Pres	3	S	Ind		
60001024	19	und	CCONJ	KON								
60001024	20	sein	DET	PPOSAT					S		Nom	F
60001024	21	Blume	NOUN	NE					S		Nom	F
60001024	22	sein	AUX	VAFIN		Fin	Pres	3	S	Ind		
60001024	23	abgefallen	VERB	VVPP		Part						
60001025	1	aber	CCONJ	KON								
60001025	2	der	DET	ART					S		Nom	N
60001025	3	Wort	NOUN	NN					S		Nom	N
60001025	4	der	DET	ART					S		Gen	M
60001025	5	Herr	NOUN	NN					S		Acc	M
60001025	6	bleiben	VERB	VVFIN		Fin	Pres	3	S	Ind		
60001025	7	in	ADP	APPR								
60001025	8	Ewigkeit	NOUN	NN					S		Nom	F
60001025	9	dieser	PRON	PDS					S		Nom	N
60001025	10	aber	CCONJ	KON								
60001025	11	sein	AUX	VAFIN		Fin	Pres	3	S	Ind		
60001025	12	der	DET	ART					S		Nom	N
60001025	13	Wort	NOUN	NN					S		Nom	N
60001025	14	welcher	DET	PWAT					S		Acc	N
60001025	15	euch	PRON	PPER				2	P		Dat	
60001025	16	verkündigen	VERB	VVPP		Part						
60001025	17	werden	AUX	VAPP		Part						
60001025	18	sein	AUX	VAFIN		Fin	Pres	3	S	Ind		
60002001	1	Leget	NOUN	NE					S		Nom	N
60002001	2	nun	ADV	ADV								
60002001	3	ab	ADP	PTKVZ								
60002001	4	aller	PRON	PIS					P		Nom	
60002001	5	Bosheit	NOUN	NN					S		Nom	F
60002001	6	und	CCONJ	KON								
60002001	7	aller	DET	PIS					P		Dat	
60002001	8	Trug	NOUN	NN					S		Nom	M
60002001	9	und	CCONJ	KON								
60002001	10	Heuchelei	NOUN	NN					S		Nom	F
60002001	11	und	CCONJ	KON								
60002001	12	Neid	NOUN	NN					S		Nom	M
60002001	13	und	CCONJ	KON								
60002001	14	alle	PRON	PIS					S		Nom	N
60002001	15	übel	ADJ	ADJA	Pos				S		Nom	F
60002001	16	Nachred	NOUN	NN					P		Nom	M
60002002	1	und	CCONJ	KON								
60002002	2	wie	ADP	KOKOM								
60002002	3	neugeboren	ADJ	ADJA	Pos				S		Nom	F
60002002	4	Kindlein	NOUN	NN					S		Nom	N
60002002	5	sein	AUX	VAFIN		Fin	Pres	2	P	Ind		
60002002	6	begierig	ADV	ADJD	Pos							
60002002	7	nach	ADP	APPR								
60002002	8	der	DET	ART					S		Nom	M
60002002	9	vernünftig	ADJ	ADJA	Pos				S		Acc	M
60002002	10	unverfälscht	ADJ	ADJA	Pos				S		Acc	M
60002002	11	Milch	NOUN	NN					S		Nom	F
60002002	12	auf	ADP	PTKVZ								
60002002	13	daß	SCONJ	KOUS								
60002002	14	ihr	PRON	PPOSAT				3	S		Dat	F
60002002	15	durch	ADP	APPR								
60002002	16	derselbe	DET	PDAT					S		Nom	F
60002002	17	Wachset	PROPN	NE					S		Nom	
60002002	18	zu	ADP	APPRART					S		Dat	F
60002002	19	Errettung	NOUN	NN					S		Nom	F
60002003	1	wenn	SCONJ	KOUS								
60002003	2	ihr	PRON	PPOSAT				3	S		Dat	F
60002003	3	anders	ADV	ADV								
60002003	4	schmecken	VERB	VVPP		Part						
60002003	5	habben	VERB	VAFIN				2	P	Imp		
60002003	6	daß	SCONJ	KOUS								
60002003	7	der	DET	ART					S		Nom	M
60002003	8	Herr	NOUN	NN					S		Nom	M
60002003	9	gütig	ADV	ADJD	Pos							
60002003	10	sein	AUX	VAFIN		Fin	Pres	3	S	Ind		
60002004	1	zu	ADP	APPR								
60002004	2	welcher	DET	PWAT					S		Dat	N
60002004	3	kommend	ADV	ADJD	Pos							
60002004	4	als	ADP	KOKOM								
60002004	5	zu	ADP	PTKVZ								
60002004	6	ein	DET	ART					S		Dat	M
60002004	7	lebendig	ADJ	ADJA	Pos				S		Acc	M
60002004	8	Stein	NOUN	NN					S		Nom	M
60002004	9	von	ADP	APPR								
60002004	10	Mensch	NOUN	NN					P		Nom	M
60002004	11	zwar	ADV	ADV								
60002004	12	verwerfen	VERB	VVPP		Part						
60002004	13	bei	ADP	APPR								
60002004	14	Gott	NOUN	NN					S		Nom	M
60002004	15	aber	CCONJ	KON								
60002004	16	auserwählen	VERB	VVPP		Part						
60002004	17	kostbar	ADV	ADJD	Pos							
60002005	1	sein	AUX	VAFIN		Fin	Pres	2	P	Ind		
60002005	2	auch	ADV	ADV								
60002005	3	ihr	PRON	PPOSAT				3	S		Dat	F
60002005	4	selbst	ADV	ADV								
60002005	5	als	ADP	KOKOM								
60002005	6	lebendig	ADJ	ADJA	Pos				S		Nom	F
60002005	7	Stein	NOUN	NN					P		Nom	M
60002005	8	aufbauen	VERB	VVPP		Part						
60002005	9	ein	DET	ART					S		Nom	N
60002005	10	geistlich	ADJ	ADJA	Pos				S		Nom	N
60002005	11	Haus	NOUN	NN					S		Nom	N
60002005	12	ein	DET	ART					S		Nom	N
60002005	13	heilig	ADJ	ADJA	Pos				S		Nom	N
60002005	14	Priestertum	NOUN	NN					S		Nom	N
60002005	15	um	ADP	APPR								
60002005	16	darbringen	VERB	VVIZU		Inf						
60002005	17	geistlich	ADJ	ADJA	Pos				S		Nom	F
60002005	18	Schlachtopfer	NOUN	NN					S		Nom	M
60002005	19	Gott	NOUN	NN					S		Nom	M
60002005	20	Wohlannehmlich	ADV	ADJD	Pos							
60002005	21	durch	ADP	APPR								
60002005	22	Jesum	PROPN	XY					S		Nom	M
60002005	23	Christum	NOUN	NN					S		Nom	N
60002006	1	denn	CCONJ	KON								
60002006	2	es	PRON	PPER				3	S		Nom	N
60002006	3	sein	AUX	VAFIN		Fin	Pres	3	S	Ind		
60002006	4	in	ADP	APPR								
60002006	5	der	DET	ART					S		Nom	M
60002006	6	Schrift	NOUN	NN					S		Nom	F
60002006	7	enthalten	VERB	VVPP		Part						
60002006	8	sehen	VERB	VVIMP				2	S	Imp		
60002006	9	ich	PRON	PPER				1	S		Nom	
60002006	10	legen	VERB	VVFIN		Fin	Pres	3	S	Sub		
60002006	11	in	ADP	APPR								
60002006	12	Zion	PROPN	NE					S		Nom	F
60002006	13	ein	DET	ART					S		Acc	M
60002006	14	Eckstein	NOUN	NE					S		Nom	M
60002006	15	ein	DET	ART					S		Acc	M
60002006	16	auserwählt	VERB	ADJA		Fin	Past	3	P	Ind		
60002006	17	kostbar	ADJ	ADJA	Pos				S		Acc	M
60002006	18	und	CCONJ	KON								
60002006	19	wer	PRON	PWS					S		Nom	M
60002006	20	an	ADP	PTKVZ								
60002006	21	ihn	PRON	PPER				3	S		Acc	M
60002006	22	glauben	VERB	VVFIN		Fin	Pres	3	S	Ind		
60002006	23	werden	AUX	VAFIN		Fin	Pres	3	S	Ind		
60002006	24	nicht	PART	PTKNEG								
60002006	25	zu	ADP	PTKVZ								
60002006	26	Schande	NOUN	NN					P		Nom	F
60002006	27	werden	AUX	VAFIN		Fin	Pres	3	P	Ind		
60002007	1	euch	PRON	PPER				2	P		Dat	
60002007	2	nun	ADV	ADV								
60002007	3	der	DET	ART					S		Nom	F
60002007	4	ihr	PRON	PPOSAT				3	S		Dat	F
60002007	5	Glaubet	VERB	VVIMP				2	P	Imp		
60002007	6	sein	AUX	VAFIN		Fin	Pres	3	S	Ind		
60002007	7	der	DET	ART					S		Nom	F
60002007	8	Kostbarkeit	NOUN	NN					S		Nom	F
60002007	9	der	DET	ART					S		Acc	M
60002007	10	Ungehorsame	NOUN	NN					P		Nom	F
60002007	11	aber	CCONJ	KON								
60002007	12	der	DET	ART					S		Nom	M
60002007	13	Stein	NOUN	NN					S		Nom	M
60002007	14	der	DET	ART					S		Acc	M
60002007	15	der	DET	ART					S		Nom	F
60002007	16	Bauleute	NOUN	NN					P		Nom	
60002007	17	verwerfen	VERB	VVPP		Part						
60002007	18	haben	AUX	VAFIN		Fin	Pres	3	P	Ind		
60002007	19	dieser	PRON	PDAT					S		Nom	M
60002007	20	sein	AUX	VAFIN		Fin	Pres	3	S	Ind		
60002007	21	zu	ADP	APPRART					S		Dat	N
60002007	22	Eckstein	NOUN	NE					S		Nom	M
60002007	23	werden	AUX	VAPP		Part						
60002008	1	und	CCONJ	KON								
60002008	2	ein	DET	ART					S		Nom	N
60002008	3	Stein	NOUN	NN					S		Nom	M
60002008	4	der	DET	ART					S		Gen	M
60002008	5	Anstoß	NOUN	NN					S		Gen	M
60002008	6	und	CCONJ	KON								
60002008	7	ein	DET	ART					S		Nom	N
60002008	8	Fels	NOUN	NE					S		Nom	M
60002008	9	der	DET	ART					S		Gen	M
60002008	10	Ärgerniss	NOUN	NN					S		Gen	M
60002008	11	der	DET	ART					S		Nom	F
60002008	12	sich	PRON	PRF				3	S		Acc	
60002008	13	da	ADV	ADV								
60002008	14	sie	PRON	PPER				3	P		Nom	
60002008	15	nicht	PART	PTKNEG								
60002008	16	gehorsam	ADV	ADJD	Pos							
60002008	17	sein	AUX	VAFIN		Fin	Pres	3	P	Ind		
60002008	18	an	ADP	PTKVZ								
60002008	19	der	DET	ART					S		Dat	M
60002008	20	Wort	NOUN	NN					P		Nom	N
60002008	21	stoßen	VERB	VVFIN		Fin	Pres	3	P	Ind		
60002008	22	wozu	SCONJ	PWAV								
60002008	23	sie	PRON	PPER				3	P		Nom	
60002008	24	auch	ADV	ADV								
60002008	25	setzen	VERB	VVPP		Part						
60002008	26	werden	AUX	VAPP		Part						
60002008	27	sein	AUX	VAFIN		Fin	Pres	3	P	Ind		
60002009	1	ihr	PRON	PPER				2	P		Nom	
60002009	2	aber	CCONJ	KON								
60002009	3	sein	AUX	VAFIN		Fin	Pres	2	P	Ind		
60002009	4	ein	DET	ART					S		Nom	N
60002009	5	auserwählt	ADJ	ADJA	Pos				S		Nom	N
60002009	6	Geschlecht	NOUN	NN					S		Nom	N
60002009	7	ein	DET	ART					S		Nom	N
60002009	8	königlich	ADJ	ADJA	Pos				S		Nom	N
60002009	9	Priestertum	NOUN	NN					S		Nom	N
60002009	10	ein	DET	ART					S		Nom	F
60002009	11	heilig	ADJ	ADJA	Pos				S		Nom	F
60002009	12	Nation	NOUN	NN					S		Nom	F
60002009	13	ein	DET	ART					S		Nom	N
60002009	14	Volk	NOUN	NN					S		Nom	N
60002009	15	zu	ADP	APPRART					S		Dat	N
60002009	16	Besitztum	NOUN	NN					S		Nom	N
60002009	17	damit	ADV	PROAV								
60002009	18	ihr	PRON	PPOSAT				3	S		Dat	F
60002009	19	der	DET	ART					S		Nom	F
60002009	20	Tugende	NOUN	NN					P		Nom	F
60002009	21	der	PRON	PDS					S		Gen	
60002009	22	verkündigen	VERB	VVPP		Part						
60002009	23	der	DET	ART					S		Nom	M
60002009	24	euch	PRON	PPER				2	P		Dat	
60002009	25	berufen	VERB	VVPP		Part						
60002009	26	haben	AUX	VAFIN		Fin	Pres	3	S	Ind		
60002009	27	aus	ADP	PTKVZ								
60002009	28	der	DET	ART					S		Nom	M
60002009	29	Finsternis	NOUN	NN					S		Nom	F
60002009	30	zu	ADP	PTKVZ								
60002009	31	sein	DET	PPOSAT					S		Dat	M
60002009	32	wunderbar	ADJ	ADJA	Pos				S		Acc	M
60002009	33	Licht	NOUN	NN					S		Nom	N
60002010	1	der	DET	ART					S		Nom	F
60002010	2	ihr	PRON	PPOSAT				3	S		Dat	F
60002010	3	einst	ADV	ADV								
60002010	4	nicht	PART	PTKNEG								
60002010	5	ein	DET	ART					S		Nom	N
60002010	6	Volk	NOUN	NN					S		Nom	N
60002010	7	Waret	VERB	VAFIN		Fin	Past	2	P	Ind		
60002010	8	jetzt	ADV	ADV								
60002010	9	aber	CCONJ	KON								
60002010	10	ein	DET	ART					S		Nom	N
60002010	11	Volk	NOUN	NN					S		Nom	N
60002010	12	Gott	NOUN	NN					S		Gen	M
60002010	13	sein	AUX	VAFIN		Fin	Pres	2	P	Ind		
60002010	14	der	DET	ART					S		Nom	F
60002010	15	ihr	PRON	PPOSAT				3	S		Dat	F
60002010	16	nicht	PART	PTKNEG								
60002010	17	Barmherzigkeit	NOUN	NN					S		Nom	F
60002010	18	empfangen	VERB	VVPP		Part						
60002010	19	hatteben	VERB	VAFIN		Part						
60002010	20	jetzt	ADV	ADV								
60002010	21	aber	CCONJ	KON								
60002010	22	Barmherzigkeit	NOUN	NN					S		Nom	F
60002010	23	empfangen	VERB	VVPP		Part						
60002010	24	habben	VERB	VAFIN				2	P	Imp		
60002011	1	Geliebte	NOUN	NN					S		Nom	F
60002011	2	ich	PRON	PPER				1	S		Nom	
60002011	3	ermahnen	VERB	VVFIN		Fin	Pres	3	S	Sub		
60002011	4	euch	PRON	PPER				2	P		Dat	
60002011	5	als	ADP	KOKOM								
60002011	6	Fremdling	NOUN	NN					P		Nom	M
60002011	7	und	CCONJ	KON								
60002011	8	als	ADP	KOKOM								
60002011	9	der	DET	ART					S		Nom	F
60002011	10	ihr	PRON	PPOSAT				3	S		Dat	F
60002011	11	ohne	ADP	APPR								
60002011	12	Bürgerrecht	NOUN	NN					S		Nom	N
60002011	13	sein	AUX	VAFIN		Fin	Pres	2	P	Ind		
60002011	14	daß	SCONJ	KOUS								
60002011	15	ihr	PRON	PPOSAT				3	S		Dat	F
60002011	16	euch	PRON	PPER				2	P		Dat	
60002011	17	enthalten	VERB	VVFIN		Fin	Pres	3	S	Ind		
60002011	18	von	ADP	APPR								
60002011	19	der	DET	ART					S		Acc	M
60002011	20	fleischlich	ADJ	ADJA	Pos				P		Dat	F
60002011	21	Lüst	NOUN	NN					P		Nom	M
60002011	22	welcher	DET	PWAT					S		Nom	F
60002011	23	wider	ADP	PTKVZ								
60002011	24	der	DET	ART					S		Nom	F
60002011	25	Seele	NOUN	NN					S		Nom	F
60002011	26	streiten	VERB	VVINF		Inf						
60002012	1	indem	SCONJ	KOUS								
60002012	2	ihr	PRON	PPOSAT				3	S		Dat	F
60002012	3	euren	DET	PPOSAT					S		Acc	M
60002012	4	Wandel	NOUN	NN					S		Nom	M
60002012	5	unter	ADP	APPR								
60002012	6	der	DET	ART					S		Acc	M
60002012	7	Nation	NOUN	NN					P		Nom	F
60002012	8	ehrbar	ADV	ADJD	Pos							
60002012	9	führeen	VERB	VVFIN		Fin	Pres	3	S	Ind		
60002012	10	auf	ADP	PTKVZ								
60002012	11	daß	SCONJ	KOUS								
60002012	12	sie	PRON	PPER				3	P		Nom	
60002012	13	worin	SCONJ	PWAV								
60002012	14	sie	PRON	PPER				3	P		Nom	
60002012	15	wider	ADP	PTKVZ								
60002012	16	euch	PRON	PPER				2	P		Dat	
60002012	17	als	ADP	KOKOM								
60002012	18	Übeltäter	NOUN	NN					P		Nom	M
60002012	19	reden	VERB	VVINF		Inf						
60002012	20	aus	ADP	PTKVZ								
60002012	21	der	DET	ART					S		Acc	M
60002012	22	gut	ADJ	ADJA	Pos				S		Acc	M
60002012	23	Werk	NOUN	NN					P		Dat	N
60002012	24	der	DET	ART					S		Nom	F
60002012	25	sie	PRON	PPER				3	P		Nom	
60002012	26	anschauen	VERB	VVINF		Inf						
60002012	27	Gott	NOUN	NN					S		Nom	M
60002012	28	verherrlichen	VERB	VVFIN		Fin	Pres	3	P	Ind		
60002012	29	an	ADP	APPRART					S		Dat	M
60002012	30	Tag	NOUN	NN					P		Nom	M
60002012	31	der	DET	ART					S		Nom	M
60002012	32	Heimsuchung	NOUN	NN					S		Nom	F
60002013	1	Unterwerfet	NOUN	NN					S		Nom	F
60002013	2	euch	PRON	PPER				2	P		Dat	
60002013	3	nun	ADV	ADV								
60002013	4	aller	DET	PIAT					P		Gen	
60002013	5	menschlich	ADJ	ADJA	Pos				S		Gen	M
60002013	6	Einrichtung	NOUN	NN					S		Nom	F
60002013	7	um	ADP	APPR								
60002013	8	der	DET	ART					S		Gen	M
60002013	9	Herr	NOUN	NN					S		Acc	M
60002013	10	Wille	ADP	APZR								
60002013	11	es	PRON	PPER				3	S		Nom	N
60002013	12	sein	AUX	VAFIN		Fin	Pres	3	S	Sub		
60002013	13	der	DET	ART					S		Dat	M
60002013	14	König	NOUN	NN					P		Nom	M
60002013	15	als	ADP	KOKOM								
60002013	16	Oberherr	NOUN	NN					P		Nom	M
60002014	1	oder	CCONJ	KON								
60002014	2	der	DET	ART					S		Acc	M
60002014	3	Statthalter	NOUN	NN					P		Nom	M
60002014	4	als	ADP	KOKOM								
60002014	5	der	PRON	PDS					P		Dat	
60002014	6	der	DET	ART					S		Nom	F
60002014	7	von	ADP	APPR								
60002014	8	ihm	PRON	PPER				3	S		Dat	M
60002014	9	gesandt	VERB	VVPP		Part						
60002014	10	werden	AUX	VAFIN		Fin	Pres	3	P	Ind		
60002014	11	zu	ADP	APPRART					S		Dat	F
60002014	12	Bestrafung	NOUN	NN					S		Nom	F
60002014	13	der	DET	ART					S		Nom	M
60002014	14	Übeltäter	NOUN	NN					P		Nom	M
60002014	15	aber	CCONJ	KON								
60002014	16	zu	ADP	APPRART					S		Dat	N
60002014	17	Lobe	PROPN	NN					S		Nom	
60002014	18	der	PRON	PDS					P		Gen	
60002014	19	der	DET	ART					S		Nom	F
60002014	20	gute	NOUN	NN					S		Nom	N
60002014	21	tun	VERB	VVINF		Inf						
60002015	1	denn	CCONJ	KON								
60002015	2	also	ADV	ADV								
60002015	3	sein	AUX	VAFIN		Fin	Pres	3	S	Ind		
60002015	4	es	PRON	PPER				3	S		Nom	N
60002015	5	der	DET	ART					S		Nom	M
60002015	6	Wille	NOUN	NN					S		Nom	M
60002015	7	Gott	NOUN	NN					S		Gen	M
60002015	8	daß	SCONJ	KOUS								
60002015	9	ihr	PRON	PPOSAT				3	S		Dat	F
60002015	10	durch	ADP	APPR								
60002015	11	Gutestun	NOUN	NN					S		Nom	N
60002015	12	der	DET	ART					S		Nom	F
60002015	13	Unwissenheit	NOUN	NN					S		Nom	F
60002015	14	der	DET	ART					S		Nom	M
60002015	15	Unverständig	NOUN	NN					P		Dat	F
60002015	16	Mensch	NOUN	NN					P		Nom	M
60002015	17	zu	ADP	APPRART					S		Dat	N
60002015	18	schweigen	NOUN	VVINF					S		Nom	N
60002015	19	Bringet	NOUN	VVFIN					S		Nom	N
60002016	1	als	ADP	KOKOM								
60002016	2	freie	NOUN	ADJA					P		Nom	
60002016	3	und	CCONJ	KON								
60002016	4	der	DET	ART					S		Nom	F
60002016	5	nicht	PART	PTKNEG								
60002016	6	der	DET	ART					S		Nom	F
60002016	7	Freiheit	NOUN	NN					S		Nom	F
60002016	8	zu	ADP	APPRART					S		Dat	N
60002016	9	Deckmantel	NOUN	NN					S		Nom	M
60002016	10	der	DET	ART					S		Nom	M
60002016	11	Bosheit	NOUN	NN					S		Nom	F
60002016	12	haben	AUX	VAFIN		Fin	Pres	3	P	Ind		
60002016	13	sondern	CCONJ	KON								
60002016	14	als	ADP	KOKOM								
60002016	15	Knecht	NOUN	NN					P		Nom	M
60002016	16	Gott	NOUN	NN					S		Gen	M
60002017	1	Erweiset	PROPN	NE					S		Nom	F
60002017	2	aller	DET	PIS					P		Dat	
60002017	3	Ehre	NOUN	NN					S		Nom	F
60002017	4	Liebet	PROPN	NE					S		Nom	
60002017	5	der	DET	ART					S		Nom	F
60002017	6	Brüderschaft	NOUN	NN					S		Nom	F
60002017	7	fürchten	VERB	VVFIN		Fin	Pres	3	S	Ind		
60002017	8	Gott	NOUN	NN					S		Nom	M
60002017	9	Ehret	NOUN	NN					S		Nom	N
60002017	10	der	DET	ART					S		Acc	M
60002017	11	König	NOUN	NN					S		Nom	M
60002018	1	ihr	PRON	PPER				2	P		Nom	
60002018	2	Hausknechte	PROPN	NE					S		Nom	F
60002018	3	sein	AUX	VAFIN		Fin	Pres	2	P	Ind		
60002018	4	der	DET	ART					S		Acc	M
60002018	5	Herr	NOUN	NN					P		Nom	M
60002018	6	unterwürfig	ADV	ADJD	Pos							
60002018	7	in	ADP	APPR								
60002018	8	aller	DET	PIAT					P		Gen	
60002018	9	Furcht	NOUN	NN					S		Nom	F
60002018	10	nicht	PART	PTKNEG								
60002018	11	allein	ADV	ADV								
60002018	12	der	DET	ART					S		Acc	M
60002018	13	gut	ADJ	ADJA	Pos				S		Acc	M
60002018	14	und	CCONJ	KON								
60002018	15	gelinden	VERB	VVPP		Part						
60002018	16	sondern	CCONJ	KON								
60002018	17	auch	ADV	ADV								
60002018	18	der	DET	ART					S		Acc	M
60002018	19	verkehren	VERB	VVFIN		Fin	Past	3	P	Ind		
60002019	1	denn	CCONJ	KON								
60002019	2	dieser	PRON	PDS					S		Nom	N
60002019	3	sein	AUX	VAFIN		Fin	Pres	3	S	Ind		
60002019	4	wohlgefällig	ADV	ADJD	Pos							
60002019	5	wenn	SCONJ	KOUS								
60002019	6	jemand	PRON	PIS					S		Nom	M
60002019	7	um	ADP	APPR								
60002019	8	der	DET	ART					S		Gen	M
60002019	9	Gewissen	NOUN	NN					S		Gen	N
60002019	10	vor	ADP	APPR								
60002019	11	Gott	NOUN	NN					S		Nom	M
60002019	12	Wille	ADP	APZR								
60002019	13	Beschwerde	NOUN	NN					P		Nom	F
60002019	14	ertragen	VERB	VVFIN		Fin	Pres	3	S	Ind		
60002019	15	indem	SCONJ	KOUS								
60002019	16	er	PRON	PPER				3	S		Nom	M
60002019	17	ungerecht	ADV	ADJD	Pos							
60002019	18	leiden	VERB	VVFIN		Fin	Pres	3	S	Ind		
60002020	1	denn	CCONJ	KON								
60002020	2	was	PRON	PWS					S		Nom	N
60002020	3	für	ADP	APPR								
60002020	4	ein	DET	ART					S		Nom	N
60002020	5	Ruhm	NOUN	NN					S		Acc	M
60002020	6	sein	AUX	VAFIN		Fin	Pres	3	S	Ind		
60002020	7	es	PRON	PPER				3	S		Nom	N
60002020	8	wenn	SCONJ	KOUS								
60002020	9	ihr	PRON	PPOSAT				3	S		Dat	F
60002020	10	Ausharret	PROPN	NE					S		Nom	F
60002020	11	indem	SCONJ	KOUS								
60002020	12	ihr	PRON	PPOSAT				3	S		Dat	F
60002020	13	Sündiget	NOUN	NE					S		Nom	N
60002020	14	und	CCONJ	KON								
60002020	15	schlagen	VERB	VVPP		Part						
60002020	16	werden	AUX	VAFIN		Fin	Pres	3	S	Ind		
60002020	17	wenn	SCONJ	KOUS								
60002020	18	ihr	PRON	PPOSAT				3	S		Dat	F
60002020	19	aber	CCONJ	KON								
60002020	20	Ausharret	PROPN	NE					S		Nom	F
60002020	21	indem	SCONJ	KOUS								
60002020	22	ihr	PRON	PPOSAT				3	S		Dat	F
60002020	23	gute	NOUN	NN					S		Nom	N
60002020	24	tun	VERB	VVFIN		Fin	Pres	3	S	Ind		
60002020	25	und	CCONJ	KON								
60002020	26	leiden	VERB	VVFIN		Fin	Pres	3	S	Ind		
60002020	27	der	DET	ART					S		Nom	N
60002020	28	sein	AUX	VAFIN		Fin	Pres	3	S	Ind		
60002020	29	wohlgefällig	ADV	ADJD	Pos							
60002020	30	bei	ADP	APPR								
60002020	31	Gott	NOUN	NN					S		Nom	M
60002021	1	denn	CCONJ	KON								
60002021	2	hierzu	ADV	PROAV								
60002021	3	sein	AUX	VAFIN		Fin	Pres	2	P	Ind		
60002021	4	ihr	PRON	PPOSAT				3	S		Dat	F
60002021	5	berufen	VERB	VVPP		Part						
60002021	6	werden	AUX	VAPP		Part						
60002021	7	denn	CCONJ	KON								
60002021	8	auch	ADV	ADV								
60002021	9	Christus	PROPN	NE					S		Nom	M
60002021	10	haben	AUX	VAFIN		Fin	Pres	3	S	Ind		
60002021	11	für	ADP	APPR								
60002021	12	euch	PRON	PPER				2	P		Dat	
60002021	13	gelitten	VERB	VVPP		Part						
60002021	14	euch	PRON	PPER				2	P		Dat	
60002021	15	ein	DET	ART					S		Nom	N
60002021	16	Beispiel	NOUN	NN					S		Nom	N
60002021	17	hinterlassend	ADV	ADJD	Pos							
60002021	18	auf	ADP	PTKVZ								
60002021	19	daß	SCONJ	KOUS								
60002021	20	ihr	PRON	PPOSAT				3	S		Dat	F
60002021	21	sein	DET	PPOSAT					S		Acc	M
60002021	22	Fußstapfe	NOUN	NN					P		Nom	F
60002021	23	Nachfolget	PROPN	NE					S		Nom	N
60002022	1	welcher	PRON	PWAT					S		Nom	M
60002022	2	kein	DET	PIAT					S		Nom	F
60002022	3	Sünde	NOUN	NN					S		Nom	F
60002022	4	tun	VERB	VVFIN		Fin	Past	3	S	Ind		
60002022	5	noch	CCONJ	KON								
60002022	6	werden	AUX	VAFIN		Fin	Past	3	S	Ind		
60002022	7	Trug	NOUN	NN					S		Nom	M
60002022	8	in	ADP	APPR								
60002022	9	sein	DET	PPOSAT					S		Dat	M
60002022	10	Mund	NOUN	NN					S		Acc	M
60002022	11	erfinden	VERB	VVPP		Part						
60002023	1	der	DET	ART					S		Nom	M
60002023	2	gescholt	VERB	VVPP		Part						
60002023	3	nicht	PART	PTKNEG								
60002023	4	Wiederschalt	PROPN	NE					S		Nom	N
60002023	5	leidend	ADV	ADJD	Pos							
60002023	6	nicht	PART	PTKNEG								
60002023	7	drohen	VERB	VVFIN		Fin	Past	3	S	Ind		
60002023	8	sondern	CCONJ	KON								
60002023	9	sich	PRON	PRF				3	S		Acc	
60002023	10	der	DET	ART					S		Dat	M
60002023	11	übergeben	VERB	VVFIN		Fin	Past	3	S	Ind		
60002023	12	der	DET	ART					S		Nom	M
60002023	13	Recht	NOUN	NN					S		Acc	N
60002023	14	richten	VERB	VVFIN		Fin	Pres	3	S	Ind		
60002024	1	welcher	PRON	PWAT					S		Nom	M
60002024	2	selbst	ADV	ADV								
60002024	3	unser	DET	PPOSAT					S		Nom	F
60002024	4	Sünde	NOUN	NN					P		Nom	F
60002024	5	an	ADP	PTKVZ								
60002024	6	sein	DET	PPOSAT					S		Dat	M
60002024	7	Leib	NOUN	NN					S		Nom	M
60002024	8	auf	ADP	PTKVZ								
60002024	9	der	DET	ART					S		Dat	M
60002024	10	Holze	PROPN	NE					S		Nom	N
60002024	11	tragen	VERB	VVPP		Part						
60002024	12	haben	AUX	VAFIN		Fin	Pres	3	S	Ind		
60002024	13	auf	ADP	PTKVZ								
60002024	14	daß	SCONJ	KOUS								
60002024	15	wir	PRON	PPER				1	P		Nom	
60002024	16	der	DET	ART					S		Acc	M
60002024	17	Sünde	NOUN	NN					P		Nom	F
60002024	18	abgestorben	VERB	VVPP		Part						
60002024	19	der	DET	ART					S		Nom	M
60002024	20	Gerechtigkeit	NOUN	NN					S		Nom	F
60002024	21	leben	VERB	VVFIN		Fin	Pres	3	P	Ind		
60002024	22	durch	ADP	APPR								
60002024	23	der	PRON	PDS					S		Gen	
60002024	24	Striem	NOUN	NN					P		Nom	F
60002024	25	ihr	PRON	PPOSAT				3	S		Dat	F
60002024	26	Heil	ADV	ADJD	Pos							
60002024	27	werden	AUX	VAPP		Part						
60002024	28	sein	AUX	VAFIN		Fin	Pres	2	P	Ind		
60002025	1	denn	CCONJ	KON								
60002025	2	ihr	PRON	PPOSAT				3	S		Dat	F
60002025	3	Ginget	NOUN	NN					S		Nom	N
60002025	4	in	ADP	APPR								
60002025	5	der	DET	ART					S		Nom	M
60002025	6	Irre	PROPN	NE					S		Nom	
60002025	7	wie	ADP	KOKOM								
60002025	8	Schaf	NOUN	NN					P		Nom	N
60002025	9	aber	CCONJ	KON								
60002025	10	ihr	PRON	PPOSAT				3	S		Dat	F
60002025	11	sein	AUX	VAFIN		Fin	Pres	2	P	Ind		
60002025	12	jetzt	ADV	ADV								
60002025	13	zurückkehren	VERB	VVPP		Part						
60002025	14	zu	ADP	PTKVZ								
60002025	15	der	DET	ART					S		Dat	M
60002025	16	Hirt	NOUN	NN					P		Nom	M
60002025	17	und	CCONJ	KON								
60002025	18	Aufseher	NOUN	NN					P		Nom	M
60002025	19	eurer	PRON	PPOSAT							Gen	
60002025	20	Seele	NOUN	NN					P		Nom	F
60003001	1	Gleicherweise	PROPN	NE					S		Nom	F
60003001	2	ihr	PRON	PPOSAT				3	S		Dat	F
60003001	3	Weiber	NOUN	NN					P		Nom	M
60003001	4	sein	AUX	VAFIN		Fin	Pres	2	P	Ind		
60003001	5	euren	DET	PPOSAT					S		Acc	M
60003001	6	eigen	ADJ	ADJA	Pos				S		Acc	M
60003001	7	Mann	NOUN	NN					P		Dat	M
60003001	8	unterwürfig	ADV	ADJD	Pos							
60003001	9	auf	ADP	PTKVZ								
60003001	10	daß	SCONJ	KOUS								
60003001	11	wenn	SCONJ	KOUS								
60003001	12	auch	ADV	ADV								
60003001	13	etlicher	PRON	PIS					P		Nom	
60003001	14	der	DET	ART					S		Dat	M
60003001	15	Wort	NOUN	NN					P		Nom	N
60003001	16	nicht	PART	PTKNEG								
60003001	17	gehorchen	VERB	VVINF		Inf						
60003001	18	sie	PRON	PPER				3	P		Nom	
60003001	19	durch	ADP	APPR								
60003001	20	der	DET	ART					S		Acc	M
60003001	21	Wandel	NOUN	NN					S		Nom	M
60003001	22	der	DET	ART					S		Nom	M
60003001	23	Weiber	NOUN	NN					P		Nom	M
60003001	24	ohne	ADP	APPR								
60003001	25	Wort	NOUN	NN					S		Nom	N
60003001	26	mögen	AUX	VMFIN		Fin	Pres	3	P	Ind		
60003001	27	gewinnen	VERB	VVPP		Part						
60003001	28	werden	AUX	VAFIN		Fin	Pres	3	P	Ind		
60003002	1	indem	SCONJ	KOUS								
60003002	2	sie	PRON	PPER				3	P		Nom	
60003002	3	euren	DET	PPOSAT					S		Acc	M
60003002	4	in	ADP	APPR								
60003002	5	Furcht	NOUN	NN					S		Nom	F
60003002	6	keusch	VERB	ADJA		Fin	Pres	3	P	Ind		
60003002	7	Wandel	NOUN	NN					S		Nom	M
60003002	8	anschauen	VERB	VVPP		Part						
60003002	9	haben	AUX	VAFIN		Fin	Pres	3	P	Ind		
60003003	1	der	PRON	PDS							Gen	
60003003	2	Schmuck	NOUN	NN					S		Nom	M
60003003	3	sein	AUX	VAFIN		Fin	Pres	3	S	Sub		
60003003	4	nicht	PART	PTKNEG								
60003003	5	der	DET	ART					S		Nom	M
60003003	6	auswendig	ADJ	ADJA	Pos				S		Nom	F
60003003	7	durch	ADP	APPR								
60003003	8	Flechte	NOUN	NN					S		Nom	N
60003003	9	der	DET	ART					S		Nom	M
60003003	10	Haar	NOUN	NN					P		Nom	N
60003003	11	und	CCONJ	KON								
60003003	12	Umhäng	NOUN	NN					P		Dat	M
60003003	13	von	ADP	APPR								
60003003	14	Gold	NOUN	NN					S		Nom	N
60003003	15	oder	CCONJ	KON								
60003003	16	anziehen	NOUN	NN					S		Nom	N
60003003	17	von	ADP	APPR								
60003003	18	Kleid	NOUN	NN					P		Dat	N
60003004	1	sondern	CCONJ	KON								
60003004	2	der	DET	ART					S		Nom	M
60003004	3	verborgen	ADJ	ADJA	Pos				S		Nom	F
60003004	4	Mensch	NOUN	NN					S		Nom	M
60003004	5	der	DET	ART					S		Gen	M
60003004	6	Herzens	NOUN	NN					P		Nom	N
60003004	7	in	ADP	APPR								
60003004	8	der	DET	ART					S		Dat	M
60003004	9	unverweslich	ADJ	ADJA	Pos				P		Nom	
60003004	10	Schmuck	NOUN	NN					S		Nom	M
60003004	11	der	DET	ART					S		Gen	M
60003004	12	sanft	ADJ	ADJA	Pos				S		Acc	M
60003004	13	und	CCONJ	KON								
60003004	14	still	VERB	VVFIN		Fin	Pres	3	P	Ind		
60003004	15	Geist	NOUN	NN					S		Gen	M
60003004	16	welcher	PRON	PWAT					S		Nom	M
60003004	17	vor	ADP	APPR								
60003004	18	Gott	NOUN	NN					S		Nom	M
60003004	19	sehr	ADV	ADV								
60003004	20	köstlich	ADV	ADJD	Pos							
60003004	21	sein	AUX	VAFIN		Fin	Pres	3	S	Ind		
60003005	1	denn	CCONJ	KON								
60003005	2	also	ADV	ADV								
60003005	3	schmückn	VERB	VVFIN		Fin	Past	3	P	Ind		
60003005	4	sich	PRON	PRF				3	S		Acc	
60003005	5	auch	ADV	ADV								
60003005	6	einst	ADV	ADV								
60003005	7	der	DET	ART					S		Nom	F
60003005	8	heilig	ADJ	ADJA	Pos				S		Acc	M
60003005	9	Weiber	NOUN	NN					P		Nom	M
60003005	10	der	DET	ART					S		Nom	F
60003005	11	ihr	DET	PPOSAT					S		Nom	F
60003005	12	Hoffnung	NOUN	NN					S		Nom	F
60003005	13	auf	ADP	PTKVZ								
60003005	14	Gott	NOUN	NN					S		Nom	M
60003005	15	setzen	VERB	VVFIN		Fin	Past	3	P	Ind		
60003005	16	indem	SCONJ	KOUS								
60003005	17	sie	PRON	PPER				3	P		Nom	
60003005	18	ihr	DET	PPOSAT					S		Acc	M
60003005	19	eigen	ADJ	ADJA	Pos				S		Acc	M
60003005	20	Mann	NOUN	NN					P		Dat	M
60003005	21	unterwürfig	ADV	ADJD	Pos							
60003005	22	sein	AUX	VAFIN		Fin	Past	3	P	Ind		
60003006	1	wie	ADP	KOKOM								
60003006	2	Sarah	PROPN	NE					S		Nom	F
60003006	3	der	DET	ART					S		Dat	M
60003006	4	Abraham	PROPN	NE					S		Nom	M
60003006	5	gehorchen	VERB	VVFIN		Fin	Past	3	S	Ind		
60003006	6	und	CCONJ	KON								
60003006	7	ihn	PRON	PPER				3	S		Acc	M
60003006	8	Herr	NOUN	NN					S		Nom	M
60003006	9	nennen	VERB	VVFIN		Fin	Past	3	S	Ind		
60003006	10	der	PRON	PDS							Gen	
60003006	11	Kind	NOUN	NN					P		Nom	N
60003006	12	ihr	PRON	PPOSAT				3	S		Dat	F
60003006	13	werden	AUX	VAPP		Part						
60003006	14	sein	AUX	VAFIN		Fin	Pres	2	P	Ind		
60003006	15	wenn	SCONJ	KOUS								
60003006	16	ihr	PRON	PPOSAT				3	S		Dat	F
60003006	17	gute	NOUN	NN					S		Nom	N
60003006	18	tun	VERB	VVFIN		Fin	Pres	3	S	Ind		
60003006	19	und	CCONJ	KON								
60003006	20	keinerlei	DET	PIAT								
60003006	21	Schrecken	NOUN	NN					S		Nom	M
60003006	22	fürchten	VERB	VVFIN		Fin	Pres	3	S	Ind		
60003007	1	ihr	PRON	PPER				2	P		Nom	
60003007	2	Mann	NOUN	NN					P		Nom	M
60003007	3	gleicherweise	ADV	ADV								
60003007	4	wohnen	VERB	VVFIN		Fin	Pres	3	S	Ind		
60003007	5	bei	ADP	APPR								
60003007	6	ihnen	PRON	PPER				3	P		Dat	
60003007	7	nach	ADP	APPR								
60003007	8	Erkenntnis	NOUN	NN					S		Nom	F
60003007	9	als	ADP	KOKOM								
60003007	10	bei	ADP	APPR								
60003007	11	ein	DET	ART					S		Dat	M
60003007	12	schwächeren	ADJ	ADJA	Cmp				S		Dat	
60003007	13	Gefäß	NOUN	NN					P		Nom	N
60003007	14	der	DET	ART					S		Dat	M
60003007	15	weiblich	ADJ	ADJA	Pos				S		Acc	M
60003007	16	ihnen	PRON	PPER				3	P		Dat	
60003007	17	Ehre	NOUN	NN					S		Nom	F
60003007	18	gebend	ADV	ADJD	Pos							
60003007	19	als	ADP	KOKOM								
60003007	20	der	DET	ART					S		Nom	F
60003007	21	auch	ADV	ADV								
60003007	22	Miterbe	NOUN	NN					P		Dat	M
60003007	23	der	DET	ART					S		Nom	M
60003007	24	Gnade	NOUN	NN					S		Nom	F
60003007	25	der	DET	ART					S		Gen	M
60003007	26	Leben	NOUN	NN					S		Gen	N
60003007	27	sein	AUX	VAFIN		Fin	Pres	3	P	Ind		
60003007	28	auf	ADP	PTKVZ								
60003007	29	daß	SCONJ	KOUS								
60003007	30	eure	DET	PPOSAT					S		Nom	F
60003007	31	Gebet	NOUN	NN					P		Nom	N
60003007	32	nicht	PART	PTKNEG								
60003007	33	verhindern	VERB	VVFIN		Fin	Pres	3	S	Ind		
60003007	34	werden	AUX	VAFIN		Fin	Pres	3	P	Ind		
60003008	1	endlich	ADV	ADV								
60003008	2	aber	CCONJ	KON								
60003008	3	sein	AUX	VAFIN		Fin	Pres	2	P	Ind		
60003008	4	aller	PRON	PIS					P		Nom	
60003008	5	gleichgesinnt	ADV	ADJD	Pos							
60003008	6	mitleidig	ADV	ADJD	Pos							
60003008	7	voll	ADV	ADJD	Pos							
60003008	8	brüderlich	ADJ	ADJA	Pos				S		Nom	M
60003008	9	Liebe	NOUN	NN					S		Nom	F
60003008	10	barmherzig	ADV	ADJD	Pos							
60003008	11	demütig	ADV	ADJD	Pos							
60003009	1	und	CCONJ	KON								
60003009	2	vergelten	VERB	VVFIN		Fin	Pres	3	S	Ind		
60003009	3	nicht	PART	PTKNEG								
60003009	4	böse	NOUN	PIAT					S		Nom	N
60003009	5	mit	ADP	APPR								
60003009	6	Bösem	PRON	PIS					S		Dat	M
60003009	7	oder	CCONJ	KON								
60003009	8	Scheltwort	NOUN	NN					S		Nom	N
60003009	9	mit	ADP	APPR								
60003009	10	Scheltwort	NOUN	NN					S		Nom	N
60003009	11	sondern	CCONJ	KON								
60003009	12	in	ADP	APPRART					S		Dat	N
60003009	13	Gegenteil	NOUN	NN					S		Nom	N
60003009	14	segnen	VERB	VVFIN		Fin	Pres	3	S	Ind		
60003009	15	weil	SCONJ	KOUS								
60003009	16	ihr	PRON	PPOSAT				3	S		Dat	F
60003009	17	dazu	ADV	PROAV								
60003009	18	berufen	VERB	VVPP		Part						
60003009	19	werden	AUX	VAPP		Part						
60003009	20	sein	AUX	VAFIN		Fin	Pres	2	P	Ind		
60003009	21	daß	SCONJ	KOUS								
60003009	22	ihr	PRON	PPOSAT				3	S		Dat	F
60003009	23	Segen	NOUN	NN					S		Acc	M
60003009	24	Ererbet	PROPN	NE					S		Nom	
60003010	1	denn	CCONJ	KON								
60003010	2	wer	PRON	PWS					S		Nom	M
60003010	3	der	DET	ART					S		Nom	N
60003010	4	Leben	NOUN	NN					S		Nom	N
60003010	5	lieben	VERB	VVFIN		Fin	Pres	3	P	Ind		
60003010	6	und	CCONJ	KON								
60003010	7	gut	ADJ	ADJA	Pos				S		Nom	F
60003010	8	Tag	NOUN	NN					P		Nom	M
60003010	9	sehen	VERB	VVINF		Fin	Pres	3	P	Ind		
60003010	10	wollen	AUX	VMFIN		Fin	Pres	3	S	Ind		
60003010	11	der	DET	ART					S		Nom	M
60003010	12	enthalten	VERB	VVFIN		Fin	Pres	3	S	Sub		
60003010	13	sein	DET	PPOSAT					S		Nom	F
60003010	14	Zunge	NOUN	NN					S		Nom	F
60003010	15	von	ADP	APPRART					S		Dat	N
60003010	16	böse	NOUN	NN					P		Nom	
60003010	17	und	CCONJ	KON								
60003010	18	sein	DET	PPOSAT					S		Nom	F
60003010	19	Lippe	NOUN	NN					P		Nom	F
60003010	20	daß	SCONJ	KOUS								
60003010	21	sie	PRON	PPER				3	P		Nom	
60003010	22	nicht	PART	PTKNEG								
60003010	23	Trug	NOUN	NN					S		Nom	M
60003010	24	reden	VERB	VVINF		Inf						
60003011	1	er	PRON	PPER				3	S		Nom	M
60003011	2	wenden	VERB	VVFIN		Fin	Pres	3	S	Sub		
60003011	3	sich	PRON	PRF				3	S		Acc	
60003011	4	ab	ADP	PTKVZ								
60003011	5	von	ADP	APPRART					S		Dat	N
60003011	6	böse	NOUN	NN					P		Nom	
60003011	7	und	CCONJ	KON								
60003011	8	tun	VERB	VVFIN		Fin	Pres	3	S	Sub		
60003011	9	gute	NOUN	NN					S		Nom	N
60003011	10	er	PRON	PPER				3	S		Nom	M
60003011	11	suchen	VERB	VVFIN		Fin	Pres	3	S	Sub		
60003011	12	Frieden	NOUN	NN					S		Nom	M
60003011	13	und	CCONJ	KON								
60003011	14	jagen	VERB	VVFIN		Fin	Pres	3	S	Sub		
60003011	15	ihm	PRON	PPER				3	S		Dat	M
60003011	16	nach	ADP	APPR								
60003012	1	denn	CCONJ	KON								
60003012	2	der	DET	ART					S		Nom	F
60003012	3	Auge	NOUN	NN					P		Nom	N
60003012	4	der	DET	ART					S		Gen	M
60003012	5	Herr	NOUN	NN					S		Acc	M
60003012	6	sein	AUX	VAFIN		Fin	Pres	3	P	Ind		
60003012	7	richten	VERB	VVPP		Part						
60003012	8	auf	ADP	PTKVZ								
60003012	9	der	DET	ART					S		Nom	F
60003012	10	Gerechten	NOUN	NN					P		Dat	
60003012	11	und	CCONJ	KON								
60003012	12	sein	DET	PPOSAT					S		Nom	F
60003012	13	Ohr	NOUN	NN					P		Nom	N
60003012	14	auf	ADP	PTKVZ								
60003012	15	ihr	PRON	PPOSAT				3	S		Dat	F
60003012	16	Flehen	NOUN	NN					S		Nom	N
60003012	17	der	DET	ART					S		Nom	N
60003012	18	Angesicht	NOUN	NN					S		Nom	F
60003012	19	der	DET	ART					S		Gen	M
60003012	20	Herr	NOUN	NN					S		Acc	M
60003012	21	aber	CCONJ	KON								
60003012	22	sein	AUX	VAFIN		Fin	Pres	3	S	Ind		
60003012	23	wider	ADP	PTKVZ								
60003012	24	der	DET	ART					S		Nom	F
60003012	25	welcher	DET	PWAT					S		Nom	F
60003012	26	böse	NOUN	PIAT					S		Nom	N
60003012	27	tun	VERB	VVINF		Inf						
60003013	1	und	CCONJ	KON								
60003013	2	wer	PRON	PWS					S		Nom	M
60003013	3	sein	AUX	VAFIN		Fin	Pres	3	S	Ind		
60003013	4	der	DET	ART					S		Nom	M
60003013	5	euch	PRON	PPER				2	P		Dat	
60003013	6	böse	NOUN	PIAT					S		Nom	N
60003013	7	tun	VERB	VVINF		Inf						
60003013	8	werden	AUX	VAFIN		Fin	Pres	3	S	Ind		
60003013	9	wenn	SCONJ	KOUS								
60003013	10	ihr	PRON	PPOSAT				3	S		Dat	F
60003013	11	Nachahmer	NOUN	NN					P		Nom	M
60003013	12	der	DET	ART					S		Gen	M
60003013	13	gute	NOUN	NN					P		Nom	
60003013	14	werden	AUX	VAPP		Part						
60003013	15	sein	AUX	VAFIN		Fin	Pres	2	P	Ind		
60003014	1	aber	CCONJ	KON								
60003014	2	wenn	SCONJ	KOUS								
60003014	3	ihr	PRON	PPOSAT				3	S		Dat	F
60003014	4	auch	ADV	ADV								
60003014	5	leiden	VERB	VVINF		Fin	Pres	3	P	Ind		
60003014	6	sollten	AUX	VMFIN		Fin	Pres	3	S	Ind		
60003014	7	um	ADP	APPR								
60003014	8	der	DET	ART					S		Nom	M
60003014	9	Gerechtigkeit	NOUN	NN					S		Nom	F
60003014	10	Wille	ADP	APZR								
60003014	11	glückselig	ADV	ADJD	Pos							
60003014	12	sein	AUX	VAFIN		Fin	Pres	2	P	Ind		
60003014	13	ihr	PRON	PPOSAT				3	S		Dat	F
60003014	14	Fürchten	VERB	VVPP		Part						
60003014	15	aber	CCONJ	KON								
60003014	16	nicht	PART	PTKNEG								
60003014	17	ihr	DET	PPOSAT					S		Nom	F
60003014	18	Furcht	NOUN	NN					S		Nom	F
60003014	19	noch	CCONJ	KON								
60003014	20	sein	AUX	VAFIN		Fin	Pres	2	P	Ind		
60003014	21	bestürzt	ADV	ADJD	Pos							
60003015	1	sondern	CCONJ	KON								
60003015	2	Heiliget	ADV	VVFIN	Pos							
60003015	3	Christus	PROPN	NE					S		Nom	M
60003015	4	der	DET	ART					S		Acc	M
60003015	5	Herr	NOUN	NN					S		Acc	M
60003015	6	in	ADP	APPR								
60003015	7	euren	DET	PPOSAT					S		Acc	M
60003015	8	Herz	NOUN	NN					S		Nom	N
60003015	9	Seid	NOUN	VAFIN					S		Acc	N
60003015	10	aber	CCONJ	KON								
60003015	11	jederzeit	ADV	ADV								
60003015	12	bereit	ADV	ADJD	Pos							
60003015	13	zu	ADP	APPRART					S		Dat	F
60003015	14	Verantwortung	NOUN	NN					S		Nom	F
60003015	15	gegen	ADP	APPR								
60003015	16	jeder	DET	PIS					S		Acc	M
60003015	17	der	DET	ART					S		Nom	M
60003015	18	Rechenschaft	NOUN	NN					S		Nom	F
60003015	19	von	ADP	APPR								
60003015	20	euch	PRON	PPER				2	P		Dat	
60003015	21	fordern	VERB	VVFIN		Fin	Pres	3	S	Ind		
60003015	22	über	ADP	APPR								
60003015	23	der	DET	ART					S		Nom	F
60003015	24	Hoffnung	NOUN	NN					S		Nom	F
60003015	25	der	DET	ART					S		Nom	F
60003015	26	in	ADP	APPR								
60003015	27	euch	PRON	PPER				2	P		Dat	
60003015	28	sein	AUX	VAFIN		Fin	Pres	3	S	Ind		
60003015	29	aber	CCONJ	KON								
60003015	30	mit	ADP	APPR								
60003015	31	Sanftmut	NOUN	NN					S		Nom	F
60003015	32	und	CCONJ	KON								
60003015	33	Furcht	NOUN	NN					S		Nom	F
60003016	1	indem	SCONJ	KOUS								
60003016	2	ihr	PRON	PPOSAT				3	S		Dat	F
60003016	3	ein	DET	ART					S		Nom	N
60003016	4	gut	ADJ	ADJA	Pos				S		Nom	N
60003016	5	Gewissen	NOUN	NN					S		Nom	N
60003016	6	habben	VERB	VAFIN				2	P	Imp		
60003016	7	auf	ADP	PTKVZ								
60003016	8	daß	SCONJ	KOUS								
60003016	9	worin	SCONJ	PWAV								
60003016	10	sie	PRON	PPER				3	P		Nom	
60003016	11	wider	ADP	PTKVZ								
60003016	12	euch	PRON	PPER				2	P		Dat	
60003016	13	als	ADP	KOKOM								
60003016	14	Übeltäter	NOUN	NN					P		Nom	M
60003016	15	reden	VERB	VVINF		Inf						
60003016	16	der	DET	ART					S		Nom	F
60003016	17	zu	ADP	PTKVZ								
60003016	18	Schande	NOUN	NN					P		Nom	F
60003016	19	werden	AUX	VAFIN		Fin	Pres	3	P	Ind		
60003016	20	welcher	DET	PWAT					S		Nom	F
60003016	21	euren	DET	PPOSAT					S		Acc	M
60003016	22	gut	ADJ	ADJA	Pos				S		Acc	M
60003016	23	Wandel	NOUN	NN					S		Nom	M
60003016	24	in	ADP	APPR								
60003016	25	Christo	PROPN	NE					S		Nom	M
60003016	26	verleumden	VERB	VVINF		Inf						
60003017	1	denn	CCONJ	KON								
60003017	2	es	PRON	PPER				3	S		Nom	N
60003017	3	sein	AUX	VAFIN		Fin	Pres	3	S	Ind		
60003017	4	gut	ADV	ADJD	Cmp							
60003017	5	wenn	SCONJ	KOUS								
60003017	6	der	DET	ART					S		Nom	M
60003017	7	Wille	NOUN	NN					S		Nom	M
60003017	8	Gott	NOUN	NN					S		Gen	M
60003017	9	es	PRON	PPER				3	S		Nom	N
60003017	10	wollen	AUX	VMFIN		Fin	Pres	3	S	Ind		
60003017	11	für	ADP	APPR								
60003017	12	Gutestun	NOUN	NN					S		Nom	N
60003017	13	zu	ADP	PTKVZ								
60003017	14	leiden	VERB	VVINF		Fin	Pres	3	P	Ind		
60003017	15	als	ADP	KOKOM								
60003017	16	für	ADP	APPR								
60003017	17	Bösestu	NOUN	NN					P		Nom	F
60003018	1	denn	CCONJ	KON								
60003018	2	es	PRON	PPER				3	S		Nom	N
60003018	3	haben	AUX	VAFIN		Fin	Pres	3	S	Ind		
60003018	4	ja	ADV	ADV								
60003018	5	Christus	PROPN	NE					S		Nom	M
60003018	6	einmal	ADV	ADV								
60003018	7	für	ADP	APPR								
60003018	8	Sünde	NOUN	NN					P		Nom	F
60003018	9	gelitten	VERB	VVPP		Part						
60003018	10	der	DET	ART					S		Nom	M
60003018	11	gerechte	NOUN	NN					P		Nom	
60003018	12	für	ADP	APPR								
60003018	13	der	DET	ART					S		Nom	F
60003018	14	ungerechten	NOUN	NN					P		Nom	
60003018	15	auf	ADP	PTKVZ								
60003018	16	daß	SCONJ	KOUS								
60003018	17	er	PRON	PPER				3	S		Nom	M
60003018	18	uns	PRON	PPER				1	P		Acc	
60003018	19	zu	ADP	PTKVZ								
60003018	20	Gott	NOUN	NN					S		Nom	M
60003018	21	führen	VERB	VVFIN		Fin	Pres	3	S	Sub		
60003018	22	töten	VERB	VVPP		Part						
60003018	23	nach	ADP	APPR								
60003018	24	der	DET	ART					S		Dat	M
60003018	25	Fleisch	NOUN	NN					S		Nom	N
60003018	26	aber	CCONJ	KON								
60003018	27	lebendig	ADV	ADJD	Pos							
60003018	28	machen	VERB	VVPP		Part						
60003018	29	nach	ADP	APPR								
60003018	30	der	DET	ART					S		Dat	M
60003018	31	Geist	NOUN	NN					P		Nom	M
60003019	1	in	ADP	APPR								
60003019	2	welcher	DET	PWAT					S		Dat	N
60003019	3	er	PRON	PPER				3	S		Nom	M
60003019	4	auch	ADV	ADV								
60003019	5	hingehen	VERB	VVFIN		Fin	Past	3	S	Ind		
60003019	6	und	CCONJ	KON								
60003019	7	predigen	VERB	VVFIN		Fin	Past	3	S	Ind		
60003019	8	der	DET	ART					S		Acc	M
60003019	9	Geister	NOUN	NN					P		Dat	M
60003019	10	der	DET	ART					S		Nom	F
60003019	11	in	ADP	APPRART					S		Dat	N
60003019	12	Gefängnis	NOUN	NN					S		Nom	N
60003019	13	sein	AUX	VAFIN		Fin	Pres	3	P	Ind		
60003020	1	welcher	DET	PWAT					S		Nom	F
60003020	2	einst	ADV	ADV								
60003020	3	ungehorsam	ADV	ADJD	Pos							
60003020	4	sein	AUX	VAFIN		Fin	Past	3	P	Ind		
60003020	5	als	ADP	KOKOM								
60003020	6	der	DET	ART					S		Nom	F
60003020	7	Langmut	PROPN	NE					S		Nom	
60003020	8	Gott	NOUN	NN					S		Gen	M
60003020	9	harren	VERB	VVFIN		Fin	Past	3	S	Ind		
60003020	10	in	ADP	APPR								
60003020	11	der	DET	ART					S		Acc	M
60003020	12	Tag	NOUN	NN					P		Dat	M
60003020	13	Noah	PROPN	NE					S		Nom	
60003020	14	während	SCONJ	KOUS								
60003020	15	der	DET	ART					S		Nom	F
60003020	16	Arche	NOUN	NN					S		Nom	F
60003020	17	zurichten	VERB	VVPP		Part						
60003020	18	werden	AUX	VAFIN		Fin	Past	3	S	Ind		
60003020	19	in	ADP	APPR								
60003020	20	welcher	DET	PWAT					S		Nom	F
60003020	21	weniger	PRON	PIS					P		Nom	
60003020	22	daß	SCONJ	KOUS								
60003020	23	sein	AUX	VAFIN		Fin	Pres	3	S	Ind		
60003020	24	acht	NUM	CARD								
60003020	25	Seele	NOUN	NN					P		Nom	F
60003020	26	durch	ADP	APPR								
60003020	27	Wasser	NOUN	NN					S		Nom	N
60003020	28	retten	VERB	VVPP		Part						
60003020	29	werden	AUX	VAFIN		Fin	Past	3	P	Ind		
60003021	1	welcher	DET	PWAT					S		Acc	N
60003021	2	Gegenbild	NOUN	NN					S		Nom	N
60003021	3	auch	ADV	ADV								
60003021	4	euch	PRON	PPER				2	P		Dat	
60003021	5	jetzt	ADV	ADV								
60003021	6	erretten	VERB	VVPP		Part						
60003021	7	der	DET	ART					S		Nom	N
60003021	8	sein	AUX	VAFIN		Fin	Pres	3	S	Ind		
60003021	9	der	DET	ART					S		Nom	F
60003021	10	Taufe	NOUN	NN					S		Nom	F
60003021	11	nicht	PART	PTKNEG								
60003021	12	ein	DET	ART					S		Nom	N
60003021	13	ablegen	NOUN	NN					S		Nom	N
60003021	14	der	DET	ART					S		Nom	M
60003021	15	Unreinigkeit	NOUN	NN					S		Nom	F
60003021	16	der	DET	ART					S		Gen	M
60003021	17	Fleisch	NOUN	NN					S		Nom	N
60003021	18	sondern	CCONJ	KON								
60003021	19	der	DET	ART					S		Nom	N
60003021	20	begehren	NOUN	NN					P		Nom	N
60003021	21	ein	PRON	ART					S		Nom	N
60003021	22	gut	ADJ	ADJA	Pos				S		Acc	M
60003021	23	Gewissen	NOUN	NN					S		Gen	N
60003021	24	vor	ADP	APPR								
60003021	25	Gott	NOUN	NN					S		Nom	M
60003021	26	durch	ADP	APPR								
60003021	27	der	DET	ART					S		Nom	F
60003021	28	Auferstehung	NOUN	NN					S		Nom	F
60003021	29	Jesu	PROPN	NE					S		Gen	
60003021	30	Christi	PROPN	NE					S		Nom	
60003022	1	welcher	PRON	PWAT					S		Nom	M
60003022	2	in	ADP	APPR								
60003022	3	der	DET	ART					S		Acc	M
60003022	4	Himmel	NOUN	NN					S		Nom	M
60003022	5	gehen	VERB	VVPP		Part						
60003022	6	zu	ADP	APPRART					S		Dat	F
60003022	7	rechte	NOUN	NN					P		Nom	F
60003022	8	Gott	NOUN	NN					S		Gen	M
60003022	9	sein	AUX	VAFIN		Fin	Pres	3	S	Ind		
60003022	10	indem	SCONJ	KOUS								
60003022	11	Engel	NOUN	NN					S		Nom	M
60003022	12	und	CCONJ	KON								
60003022	13	Gewalt	NOUN	NN					P		Nom	F
60003022	14	und	CCONJ	KON								
60003022	15	Macht	NOUN	NN					P		Nom	F
60003022	16	ihm	PRON	PPER				3	S		Dat	M
60003022	17	unterwerfen	VERB	VVPP		Part						
60003022	18	sein	AUX	VAFIN		Fin	Pres	3	P	Ind		
60004001	1	da	SCONJ	KOUS								
60004001	2	nun	ADV	ADV								
60004001	3	Christus	PROPN	NE					S		Nom	M
60004001	4	für	ADP	APPR								
60004001	5	uns	PRON	PPER				1	P		Acc	
60004001	6	in	ADP	APPRART					S		Dat	N
60004001	7	Fleisch	NOUN	NN					S		Nom	N
60004001	8	gelitten	VERB	VVPP		Part						
60004001	9	haben	AUX	VAFIN		Fin	Pres	3	S	Ind		
60004001	10	so	ADV	ADV								
60004001	11	waffnet	VERB	VVFIN		Fin	Pres	3	S	Ind		
60004001	12	auch	ADV	ADV								
60004001	13	ihr	PRON	PPOSAT				3	S		Dat	F
60004001	14	euch	PRON	PPER				2	P		Dat	
60004001	15	mit	ADP	APPR								
60004001	16	derselbe	DET	PDAT					S		Dat	N
60004001	17	Sinn	NOUN	NN					S		Nom	M
60004001	18	denn	CCONJ	KON								
60004001	19	wer	PRON	PWS					S		Nom	M
60004001	20	in	ADP	APPRART					S		Dat	N
60004001	21	Fleisch	NOUN	NN					S		Nom	N
60004001	22	gelitten	VERB	VVPP		Part						
60004001	23	haben	AUX	VAFIN		Fin	Pres	3	S	Ind		
60004001	24	ruhen	VERB	VVFIN		Fin	Pres	3	S	Ind		
60004001	25	von	ADP	APPR								
60004001	26	der	DET	ART					S		Nom	M
60004001	27	Sünde	NOUN	NN					S		Nom	F
60004002	1	um	ADP	APPR								
60004002	2	der	DET	ART					S		Nom	F
60004002	3	in	ADP	APPRART					S		Dat	N
60004002	4	Fleisch	NOUN	NN					S		Nom	N
60004002	5	noch	CCONJ	KON								
60004002	6	übrig	ADJ	ADJA	Pos				S		Nom	F
60004002	7	Zeit	NOUN	NN					S		Nom	F
60004002	8	nicht	PART	PTKNEG								
60004002	9	mehr	ADV	ADV								
60004002	10	der	DET	ART					S		Acc	M
60004002	11	Lüst	NOUN	NN					P		Nom	M
60004002	12	der	DET	ART					S		Nom	M
60004002	13	Mensch	NOUN	NN					P		Nom	M
60004002	14	sondern	CCONJ	KON								
60004002	15	der	DET	ART					S		Dat	M
60004002	16	Wille	NOUN	NN					S		Acc	M
60004002	17	Gott	NOUN	NN					S		Gen	M
60004002	18	zu	ADP	PTKVZ								
60004002	19	leben	VERB	VVFIN		Fin	Pres	3	P	Ind		
60004003	1	denn	CCONJ	KON								
60004003	2	der	DET	ART					S		Nom	F
60004003	3	vergangen	ADJ	ADJA	Pos				S		Nom	F
60004003	4	Zeit	NOUN	NN					S		Nom	F
60004003	5	sein	AUX	VAFIN		Fin	Pres	3	S	Ind		
60004003	6	uns	PRON	PPER				1	P		Acc	
60004003	7	genug	ADV	ADV								
60004003	8	der	DET	ART					S		Acc	M
60004003	9	Wille	NOUN	NN					S		Acc	M
60004003	10	der	DET	ART					S		Nom	M
60004003	11	Nation	NOUN	NN					P		Nom	F
60004003	12	vollbringen	VERB	VVPP		Part						
60004003	13	zu	ADP	PTKVZ								
60004003	14	haben	AUX	VAFIN		Fin	Pres	3	P	Ind		
60004003	15	indem	SCONJ	KOUS								
60004003	16	wir	PRON	PPER				1	P		Nom	
60004003	17	wandeln	VERB	VVFIN		Fin	Past	3	P	Ind		
60004003	18	in	ADP	APPR								
60004003	19	Ausschweifung	NOUN	NN					P		Nom	F
60004003	20	Lüst	NOUN	NN					P		Nom	M
60004003	21	Trunkenheit	NOUN	NN					S		Nom	F
60004003	22	Festgelag	NOUN	NN					P		Nom	F
60004003	23	Trinkgelag	NOUN	NN					P		Nom	F
60004003	24	und	CCONJ	KON								
60004003	25	frevelhafn	VERB	VVFIN		Fin	Past	3	P	Ind		
60004003	26	Götzendienereie	NOUN	NN					P		Nom	F
60004004	1	wobei	ADV	PWAV								
60004004	2	es	PRON	PPER				3	S		Nom	N
60004004	3	sie	PRON	PPER				3	P		Nom	
60004004	4	befremden	ADV	ADJD	Pos							
60004004	5	daß	SCONJ	KOUS								
60004004	6	ihr	PRON	PPOSAT				3	S		Dat	F
60004004	7	nicht	PART	PTKNEG								
60004004	8	mitlaufet	X	FM								
60004004	9	zu	ADP	PTKVZ								
60004004	10	derselbe	DET	PDAT					S		Dat	N
60004004	11	treiben	NOUN	NN					S		Nom	N
60004004	12	der	DET	ART					S		Nom	M
60004004	13	Ausschweifung	NOUN	NN					S		Nom	F
60004004	14	und	CCONJ	KON								
60004004	15	lästern	VERB	VVINF		Fin	Pres	3	P	Ind		
60004004	16	euch	PRON	PPER				2	P		Dat	
60004005	1	welcher	DET	PWAT					S		Nom	F
60004005	2	der	DET	ART					S		Dat	M
60004005	3	Rechenschaft	NOUN	NN					S		Nom	F
60004005	4	geben	VERB	VVINF		Inf						
60004005	5	werden	AUX	VAFIN		Fin	Pres	3	P	Ind		
60004005	6	der	DET	ART					S		Nom	M
60004005	7	bereit	ADV	ADJD	Pos							
60004005	8	sein	AUX	VAFIN		Fin	Pres	3	S	Ind		
60004005	9	lebendig	ADJ	ADJA	Pos				S		Nom	F
60004005	10	und	CCONJ	KON								
60004005	11	tote	NOUN	NN					P		Nom	
60004005	12	zu	ADP	PTKVZ								
60004005	13	richten	VERB	VVFIN		Fin	Pres	3	P	Ind		
60004006	1	denn	CCONJ	KON								
60004006	2	dazu	ADV	PROAV								
60004006	3	sein	AUX	VAFIN		Fin	Pres	3	S	Ind		
60004006	4	auch	ADV	ADV								
60004006	5	der	DET	ART					S		Acc	M
60004006	6	tote	NOUN	NN					P		Nom	
60004006	7	gut	ADJ	ADJA	Pos				S		Nom	F
60004006	8	Botschaft	NOUN	NN					S		Nom	F
60004006	9	verkündigen	VERB	VVPP		Part						
60004006	10	werden	AUX	VAPP		Part						
60004006	11	auf	ADP	PTKVZ								
60004006	12	daß	SCONJ	KOUS								
60004006	13	sie	PRON	PPER				3	P		Nom	
60004006	14	richten	VERB	VVPP		Part						
60004006	15	werden	AUX	VAFIN		Fin	Pres	3	P	Ind		
60004006	16	möchten	AUX	VMFIN		Fin	Pres	3	P	Ind		
60004006	17	der	DET	ART					S		Dat	M
60004006	18	Mensch	NOUN	NN					P		Nom	M
60004006	19	gemäß	ADV	ADJD	Pos							
60004006	20	nach	ADP	APPR								
60004006	21	der	DET	ART					S		Dat	M
60004006	22	Fleisch	NOUN	NN					S		Nom	N
60004006	23	aber	CCONJ	KON								
60004006	24	leben	VERB	VVFIN		Fin	Pres	3	P	Ind		
60004006	25	möchten	AUX	VMFIN		Fin	Pres	3	P	Ind		
60004006	26	Gott	NOUN	NN					S		Nom	M
60004006	27	gemäß	ADV	ADJD	Pos							
60004006	28	nach	ADP	APPR								
60004006	29	der	DET	ART					S		Dat	M
60004006	30	Geist	NOUN	NN					P		Nom	M
60004007	1	es	PRON	PPER				3	S		Nom	N
60004007	2	sein	AUX	VAFIN		Fin	Pres	3	S	Ind		
60004007	3	aber	CCONJ	KON								
60004007	4	nah	ADP	APPR								
60004007	5	kommen	VERB	VVPP		Part						
60004007	6	der	DET	ART					S		Nom	N
60004007	7	Ende	NOUN	NN					S		Nom	N
60004007	8	aller	DET	PIAT					P		Gen	
60004007	9	Ding	NOUN	NN					P		Nom	N
60004007	10	Seid	NOUN	VAFIN					S		Acc	N
60004007	11	nun	ADV	ADV								
60004007	12	besonnen	ADV	ADJD	Pos							
60004007	13	und	CCONJ	KON								
60004007	14	sein	AUX	VAFIN		Fin	Pres	2	P	Ind		
60004007	15	nüchtern	ADV	ADJD	Pos							
60004007	16	zu	ADP	APPRART					S		Dat	N
60004007	17	Gebet	NOUN	NN					S		Nom	N
60004008	1	vor	ADP	APPR								
60004008	2	aller	DET	PIS					P		Dat	
60004008	3	Ding	NOUN	NN					P		Dat	N
60004008	4	aber	CCONJ	KON								
60004008	5	habben	VERB	VAFIN				2	P	Imp		
60004008	6	untereinander	ADV	ADV								
60004008	7	ein	DET	ART					S		Nom	F
60004008	8	inbrünstig	ADJ	NN	Pos				S		Nom	F
60004008	9	Liebe	NOUN	NN					S		Nom	F
60004008	10	denn	CCONJ	KON								
60004008	11	der	DET	ART					S		Nom	F
60004008	12	Liebe	NOUN	NN					S		Nom	F
60004008	13	bedeckt	ADV	ADJD	Pos							
60004008	14	ein	DET	ART					S		Nom	F
60004008	15	Menge	NOUN	NN					S		Nom	F
60004008	16	von	ADP	APPR								
60004008	17	Sünde	NOUN	NN					P		Nom	F
60004009	1	Seid	NOUN	VAFIN					S		Acc	N
60004009	2	Gastfrei	NOUN	NN					S		Nom	N
60004009	3	gegeneinander	ADV	ADV								
60004009	4	ohne	ADP	APPR								
60004009	5	murren	NOUN	NN					S		Nom	N
60004010	1	je	ADV	ADV								
60004010	2	nachdem	SCONJ	KOUS								
60004010	3	ein	DET	ART					S		Nom	N
60004010	4	jeder	PRON	PIS					S		Nom	M
60004010	5	ein	DET	ART					S		Nom	F
60004010	6	Gnadengabe	NOUN	NN					S		Nom	F
60004010	7	empfangen	VERB	VVPP		Part						
60004010	8	haben	AUX	VAFIN		Fin	Pres	3	S	Ind		
60004010	9	dienen	VERB	VVFIN		Fin	Pres	3	S	Ind		
60004010	10	sich	PRON	PRF				3	P		Dat	
60004010	11	damit	ADV	PROAV								
60004010	12	als	ADP	KOKOM								
60004010	13	gut	ADJ	ADJA	Pos				S		Nom	F
60004010	14	Verwalter	NOUN	NN					S		Nom	M
60004010	15	der	DET	ART					S		Nom	M
60004010	16	mancherlei	PRON	PIS								
60004010	17	Gnade	NOUN	NN					S		Nom	F
60004010	18	Gott	NOUN	NN					S		Gen	M
60004011	1	wenn	SCONJ	KOUS								
60004011	2	jemand	PRON	PIS					S		Nom	M
60004011	3	reden	VERB	VVFIN		Fin	Pres	3	S	Ind		
60004011	4	so	ADV	ADV								
60004011	5	Rede	VERB	VVFIN		Fin	Pres	3	S	Sub		
60004011	6	er	PRON	PPER				3	S		Nom	M
60004011	7	als	ADP	KOKOM								
60004011	8	Aussprüch	NOUN	NN					P		Nom	N
60004011	9	Gott	NOUN	NN					S		Gen	M
60004011	10	wenn	SCONJ	KOUS								
60004011	11	jemand	PRON	PIS					S		Nom	M
60004011	12	dienen	VERB	VVFIN		Fin	Pres	3	S	Ind		
60004011	13	so	ADV	ADV								
60004011	14	sein	AUX	VAFIN		Fin	Pres	3	S	Sub		
60004011	15	es	PRON	PPER				3	S		Nom	N
60004011	16	als	ADP	KOKOM								
60004011	17	aus	ADP	PTKVZ								
60004011	18	der	DET	ART					S		Nom	M
60004011	19	Kraft	NOUN	NN					S		Nom	F
60004011	20	der	DET	ART					S		Nom	F
60004011	21	Gott	NOUN	NN					S		Nom	M
60004011	22	Darreicht	VERB	VVFIN		Fin	Pres	3	S	Ind		
60004011	23	auf	ADP	PTKVZ								
60004011	24	daß	SCONJ	KOUS								
60004011	25	in	ADP	APPR								
60004011	26	alle	PRON	PIS					S		Dat	N
60004011	27	Gott	NOUN	NN					S		Nom	M
60004011	28	verherrlichen	VERB	VVPP		Part						
60004011	29	werden	AUX	VAFIN		Fin	Pres	3	S	Sub		
60004011	30	durch	ADP	APPR								
60004011	31	Jesum	PROPN	XY					S		Nom	M
60004011	32	Christum	NOUN	NN					S		Nom	N
60004011	33	welcher	DET	PWAT					S		Dat	N
60004011	34	der	DET	ART					S		Nom	F
60004011	35	Herrlichkeit	NOUN	NN					S		Nom	F
60004011	36	sein	AUX	VAFIN		Fin	Pres	3	S	Ind		
60004011	37	und	CCONJ	KON								
60004011	38	der	DET	ART					S		Nom	F
60004011	39	Macht	NOUN	NN					S		Nom	F
60004011	40	von	ADP	APPR								
60004011	41	Ewigkeit	NOUN	NN					S		Nom	F
60004011	42	zu	ADP	PTKVZ								
60004011	43	Ewigkeit	NOUN	NN					S		Nom	F
60004011	44	Amen	NOUN	NN					S		Nom	N
60004012	1	Geliebte	NOUN	NN					S		Nom	F
60004012	2	lassen	VERB	VVIMP				2	P	Imp		
60004012	3	euch	PRON	PPER				2	P		Dat	
60004012	4	der	DET	ART					S		Nom	N
60004012	5	Feuer	NOUN	NN					S		Nom	N
60004012	6	der	DET	ART					S		Nom	M
60004012	7	Verfolgung	NOUN	NN					S		Nom	F
60004012	8	unter	ADP	APPR								
60004012	9	euch	PRON	PPER				2	P		Dat	
60004012	10	der	DET	ART					S		Nom	N
60004012	11	euch	PRON	PPER				2	P		Dat	
60004012	12	zu	ADP	APPRART					S		Dat	F
60004012	13	Versuchung	NOUN	NN					S		Nom	F
60004012	14	geschehen	VERB	VVFIN		Fin	Pres	3	S	Ind		
60004012	15	nicht	PART	PTKNEG								
60004012	16	befremden	VERB	NN		Inf						
60004012	17	als	ADP	KOKOM								
60004012	18	begegnen	VERB	VVFIN		Fin	Pres	3	S	Sub		
60004012	19	euch	PRON	PPER				2	P		Dat	
60004012	20	etwas	PRON	PIS								N
60004012	21	fremd	ADJ	NN	Pos				S		Nom	N
60004013	1	sondern	CCONJ	KON								
60004013	2	insoweit	ADV	ADV								
60004013	3	ihr	PRON	PPOSAT				3	S		Dat	F
60004013	4	der	DET	ART					S		Nom	M
60004013	5	leiden	NOUN	NN					S		Nom	N
60004013	6	der	DET	ART					S		Gen	M
60004013	7	Christus	PROPN	NE					S		Nom	M
60004013	8	teilhaftig	ADV	ADJD	Pos							
60004013	9	sein	AUX	VAFIN		Fin	Pres	2	P	Ind		
60004013	10	freueen	VERB	VVFIN		Fin	Pres	3	S	Ind		
60004013	11	euch	PRON	PPER				2	P		Dat	
60004013	12	auf	ADP	PTKVZ								
60004013	13	daß	SCONJ	KOUS								
60004013	14	ihr	PRON	PPOSAT				3	S		Dat	F
60004013	15	auch	ADV	ADV								
60004013	16	in	ADP	APPR								
60004013	17	der	DET	ART					S		Nom	M
60004013	18	Offenbarung	NOUN	NN					S		Nom	F
60004013	19	sein	DET	PPOSAT					S		Dat	F
60004013	20	Herrlichkeit	NOUN	NN					S		Nom	F
60004013	21	mit	ADP	APPR								
60004013	22	frohlocken	NOUN	NN					S		Nom	N
60004013	23	euch	PRON	PPER				2	P		Dat	
60004013	24	freueen	VERB	VVFIN		Fin	Pres	3	S	Ind		
60004014	1	wenn	SCONJ	KOUS								
60004014	2	ihr	PRON	PPOSAT				3	S		Dat	F
60004014	3	in	ADP	APPRART					S		Dat	N
60004014	4	Name	NOUN	NN					P		Nom	M
60004014	5	Christi	PROPN	NE					S		Nom	
60004014	6	schmähen	VERB	VVPP		Part						
60004014	7	werden	AUX	VAFIN		Fin	Pres	3	S	Ind		
60004014	8	glückselig	ADV	ADJD	Pos							
60004014	9	sein	AUX	VAFIN		Fin	Pres	2	P	Ind		
60004014	10	ihr	PRON	PPOSAT				3	S		Dat	F
60004014	11	denn	CCONJ	KON								
60004014	12	der	DET	ART					S		Nom	M
60004014	13	Geist	NOUN	NN					S		Nom	M
60004014	14	der	DET	ART					S		Nom	M
60004014	15	Herrlichkeit	NOUN	NN					S		Nom	F
60004014	16	und	CCONJ	KON								
60004014	17	der	DET	ART					S		Nom	M
60004014	18	Geist	NOUN	NN					S		Nom	M
60004014	19	Gott	NOUN	NN					S		Gen	M
60004014	20	ruhen	VERB	VVFIN		Fin	Pres	3	S	Ind		
60004014	21	auf	ADP	PTKVZ								
60004014	22	euch	PRON	PPER				2	P		Dat	
60004014	23	bei	ADP	APPR								
60004014	24	ihnen	PRON	PPER				3	P		Dat	
60004014	25	freilich	ADV	ADV								
60004014	26	werden	AUX	VAFIN		Fin	Pres	3	S	Ind		
60004014	27	er	PRON	PPER				3	S		Nom	M
60004014	28	verlästern	VERB	VVPP		Part						
60004014	29	bei	ADP	APPR								
60004014	30	euch	PRON	PPER				2	P		Dat	
60004014	31	aber	CCONJ	KON								
60004014	32	werden	AUX	VAFIN		Fin	Pres	3	S	Ind		
60004014	33	er	PRON	PPER				3	S		Nom	M
60004014	34	verherrlichen	VERB	VVPP		Part						
60004015	1	daß	SCONJ	KOUS								
60004015	2	doch	CCONJ	KON								
60004015	3	niemand	PRON	PIS					S		Nom	M
60004015	4	von	ADP	APPR								
60004015	5	euch	PRON	PPER				2	P		Dat	
60004015	6	leiden	VERB	VVFIN		Fin	Pres	3	S	Sub		
60004015	7	als	ADP	KOKOM								
60004015	8	Mörder	NOUN	NN					S		Nom	M
60004015	9	oder	CCONJ	KON								
60004015	10	Dieb	NOUN	NN					S		Nom	M
60004015	11	oder	CCONJ	KON								
60004015	12	Übeltäter	NOUN	NN					P		Nom	M
60004015	13	oder	CCONJ	KON								
60004015	14	als	ADP	KOKOM								
60004015	15	ein	PRON	ART					S		Nom	M
60004015	16	der	DET	ART					S		Nom	M
60004015	17	sich	PRON	PRF				3	S		Acc	
60004015	18	in	ADP	APPR								
60004015	19	fremd	ADJ	ADJA	Pos				S		Nom	F
60004015	20	Sache	NOUN	NN					P		Nom	F
60004015	21	mischen	VERB	VVFIN		Fin	Pres	3	S	Ind		
60004016	1	wenn	SCONJ	KOUS								
60004016	2	aber	CCONJ	KON								
60004016	3	als	ADP	KOKOM								
60004016	4	Christ	NOUN	FM					S		Nom	M
60004016	5	so	ADV	ADV								
60004016	6	schämen	VERB	VVFIN		Fin	Pres	3	S	Sub		
60004016	7	er	PRON	PPER				3	S		Nom	M
60004016	8	sich	PRON	PRF				3	S		Acc	
60004016	9	nicht	PART	PTKNEG								
60004016	10	sondern	CCONJ	KON								
60004016	11	verherrlich	VERB	VVFIN		Fin	Pres	3	S	Sub		
60004016	12	Gott	NOUN	NN					S		Nom	M
60004016	13	in	ADP	APPR								
60004016	14	dieser	DET	PDAT					S		Dat	N
60004016	15	Name	NOUN	NN					P		Nom	M
60004017	1	denn	CCONJ	KON								
60004017	2	der	DET	ART					S		Nom	F
60004017	3	Zeit	NOUN	NN					S		Nom	F
60004017	4	sein	AUX	VAFIN		Fin	Pres	3	S	Ind		
60004017	5	kommen	VERB	VVPP		Part						
60004017	6	daß	SCONJ	KOUS								
60004017	7	der	DET	ART					S		Nom	N
60004017	8	Gericht	NOUN	NN					S		Nom	N
60004017	9	anfangen	VERB	NN		Fin	Pres	3	S	Sub		
60004017	10	bei	ADP	APPR								
60004017	11	der	DET	ART					S		Dat	M
60004017	12	Haus	NOUN	NN					P		Nom	N
60004017	13	Gott	NOUN	NN					S		Gen	M
60004017	14	wenn	SCONJ	KOUS								
60004017	15	aber	CCONJ	KON								
60004017	16	zuerst	ADV	ADV								
60004017	17	bei	ADP	APPR								
60004017	18	uns	PRON	PPER				1	P		Acc	
60004017	19	was	PRON	PWS					S		Nom	N
60004017	20	werden	AUX	VAFIN		Fin	Pres	3	S	Ind		
60004017	21	der	DET	ART					S		Nom	N
60004017	22	Ende	NOUN	NN					S		Nom	N
60004017	23	der	PRON	PDS					P		Gen	
60004017	24	sein	AUX	VAINF		Inf						
60004017	25	der	DET	ART					S		Nom	F
60004017	26	der	DET	ART					S		Dat	M
60004017	27	Evangelium	NOUN	NN					S		Nom	N
60004017	28	Gott	NOUN	NN					S		Gen	M
60004017	29	nicht	PART	PTKNEG								
60004017	30	gehorchen	VERB	VVINF		Inf						
60004018	1	und	CCONJ	KON								
60004018	2	wenn	SCONJ	KOUS								
60004018	3	der	DET	ART					S		Nom	M
60004018	4	gerechte	NOUN	NN					P		Nom	
60004018	5	mit	ADP	APPR								
60004018	6	Not	NOUN	NN					S		Nom	F
60004018	7	erretten	VERB	VVPP		Part						
60004018	8	werden	AUX	VAFIN		Fin	Pres	3	S	Ind		
60004018	9	wo	SCONJ	PWAV								
60004018	10	wollen	AUX	VMFIN		Fin	Pres	3	S	Ind		
60004018	11	der	DET	ART					S		Nom	M
60004018	12	Gottlos	NOUN	NN					P		Nom	
60004018	13	und	CCONJ	KON								
60004018	14	Sünder	NOUN	NN					P		Nom	M
60004018	15	erscheinen	VERB	VVINF		Inf						
60004019	1	daher	ADV	PROAV								
60004019	2	sollen	AUX	VMFIN		Fin	Pres	3	P	Ind		
60004019	3	auch	ADV	ADV								
60004019	4	der	DET	ART					S		Nom	F
60004019	5	welcher	DET	PWAT					S		Nom	F
60004019	6	nach	ADP	APPR								
60004019	7	der	DET	ART					S		Dat	M
60004019	8	Wille	NOUN	NN					S		Acc	M
60004019	9	Gott	NOUN	NN					S		Gen	M
60004019	10	leiden	VERB	VVINF		Fin	Pres	3	P	Ind		
60004019	11	ein	DET	ART					S		Dat	M
60004019	12	treu	VERB	VVFIN		Fin	Pres	3	P	Ind		
60004019	13	Schöpfer	NOUN	NN					S		Nom	M
60004019	14	ihr	DET	PPOSAT					S		Nom	F
60004019	15	Seele	NOUN	NN					P		Nom	F
60004019	16	befehlen	VERB	VVINF		Inf						
60004019	17	in	ADP	APPRART					S		Dat	N
60004019	18	Gutestun	NOUN	NN					S		Nom	N
60005001	1	der	DET	ART					S		Nom	F
60005001	2	Ältesten	NOUN	NN					P		Nom	M
60005001	3	der	DET	ART					S		Nom	F
60005001	4	unter	ADP	APPR								
60005001	5	euch	PRON	PPER				2	P		Dat	
60005001	6	sein	AUX	VAFIN		Fin	Pres	3	P	Ind		
60005001	7	ermahnen	VERB	VVFIN		Fin	Pres	3	S	Sub		
60005001	8	ich	PRON	PPER				1	S		Nom	
60005001	9	der	DET	ART					S		Nom	M
60005001	10	Mitälteste	NOUN	NN					S		Nom	F
60005001	11	und	CCONJ	KON								
60005001	12	Zeuge	NOUN	NN					S		Nom	M
60005001	13	der	DET	ART					S		Nom	M
60005001	14	leiden	NOUN	NN					S		Nom	N
60005001	15	der	DET	ART					S		Gen	M
60005001	16	Christus	PROPN	NE					S		Nom	M
60005001	17	und	CCONJ	KON								
60005001	18	auch	ADV	ADV								
60005001	19	Teilhaber	NOUN	NN					S		Nom	M
60005001	20	der	DET	ART					S		Nom	M
60005001	21	Herrlichkeit	NOUN	NN					S		Nom	F
60005001	22	der	DET	ART					S		Nom	F
60005001	23	offenbaren	VERB	VVPP		Part						
60005001	24	werden	AUX	VAFIN		Fin	Pres	3	P	Ind		
60005001	25	sollen	AUX	VMFIN		Fin	Pres	3	S	Ind		
60005002	1	Hüten	VERB	VVPP		Part						
60005002	2	der	DET	ART					S		Nom	F
60005002	3	Herde	NOUN	NN					S		Nom	F
60005002	4	Gott	NOUN	NN					S		Gen	M
60005002	5	der	DET	ART					S		Nom	F
60005002	6	bei	ADP	APPR								
60005002	7	euch	PRON	PPER				2	P		Dat	
60005002	8	sein	AUX	VAFIN		Fin	Pres	3	S	Ind		
60005002	9	indem	SCONJ	KOUS								
60005002	10	ihr	PRON	PPOSAT				3	S		Dat	F
60005002	11	der	DET	ART					S		Nom	F
60005002	12	Aufsicht	NOUN	NN					S		Nom	F
60005002	13	nicht	PART	PTKNEG								
60005002	14	aus	ADP	PTKVZ								
60005002	15	Zwang	NOUN	NN					S		Nom	M
60005002	16	führeen	VERB	VVFIN		Fin	Pres	3	S	Ind		
60005002	17	sondern	CCONJ	KON								
60005002	18	freiwillig	ADV	ADJD	Pos							
60005002	19	auch	ADV	ADV								
60005002	20	nicht	PART	PTKNEG								
60005002	21	um	ADP	APPR								
60005002	22	schändlich	ADJ	ADJA	Pos				S		Acc	M
60005002	23	Gewinn	NOUN	NN					S		Nom	M
60005002	24	sondern	CCONJ	KON								
60005002	25	bereitwillig	ADV	ADJD	Pos							
60005003	1	nicht	PART	PTKNEG								
60005003	2	als	ADP	KOKOM								
60005003	3	der	DET	ART					S		Nom	F
60005003	4	da	ADV	ADV								
60005003	5	herrschen	VERB	VVINF		Inf						
60005003	6	über	ADP	APPR								
60005003	7	ihr	DET	PPOSAT					S		Nom	F
60005003	8	Besitztümer	NOUN	NN					P		Nom	M
60005003	9	sondern	CCONJ	KON								
60005003	10	indem	SCONJ	KOUS								
60005003	11	ihr	PRON	PPOSAT				3	S		Dat	F
60005003	12	Vorbild	NOUN	NN					P		Nom	N
60005003	13	der	DET	ART					S		Nom	M
60005003	14	Herde	NOUN	NN					S		Nom	F
60005003	15	sein	AUX	VAFIN		Fin	Pres	2	P	Ind		
60005004	1	und	CCONJ	KON								
60005004	2	wenn	SCONJ	KOUS								
60005004	3	der	DET	ART					S		Nom	M
60005004	4	Erzhirte	NOUN	NN					P		Nom	M
60005004	5	offenbar	ADV	ADJD	Pos							
60005004	6	werden	AUX	VAPP		Part						
60005004	7	sein	AUX	VAFIN		Fin	Pres	3	S	Ind		
60005004	8	so	ADV	ADV								
60005004	9	werden	AUX	VAFIN		Fin	Pres	3	S	Ind		
60005004	10	ihr	PRON	PPOSAT				3	S		Dat	F
60005004	11	der	DET	ART					S		Nom	F
60005004	12	unverwelklich	ADJ	ADJA	Pos				S		Nom	F
60005004	13	Krone	NOUN	NN					S		Nom	F
60005004	14	der	DET	ART					S		Nom	M
60005004	15	Herrlichkeit	NOUN	NN					S		Nom	F
60005004	16	empfangen	VERB	VVPP		Part						
60005005	1	Gleicherweise	PROPN	NE					S		Nom	F
60005005	2	ihr	PRON	PPOSAT				3	S		Dat	F
60005005	3	junge	NOUN	NN					P		Nom	
60005005	4	sein	AUX	VAFIN		Fin	Pres	2	P	Ind		
60005005	5	der	DET	ART					S		Acc	M
60005005	6	Ältesten	NOUN	NN					P		Nom	M
60005005	7	untertan	ADV	ADJD	Pos							
60005005	8	alle	PRON	PIS					P		Nom	
60005005	9	aber	CCONJ	KON								
60005005	10	sein	AUX	VAFIN		Fin	Pres	2	P	Ind		
60005005	11	gegeneinander	ADV	ADV								
60005005	12	mit	ADP	APPR								
60005005	13	Demut	NOUN	NN					S		Nom	F
60005005	14	fest	ADV	PTKVZ								
60005005	15	umhüllen	VERB	VVPP		Part						
60005005	16	denn	CCONJ	KON								
60005005	17	Gott	NOUN	NN					S		Nom	M
60005005	18	wederstehen	VERB	VVFIN		Fin	Pres	3	S	Ind		
60005005	19	der	DET	ART					S		Acc	M
60005005	20	Hochmütig	NOUN	NN					P		Nom	F
60005005	21	der	DET	ART					S		Acc	M
60005005	22	demütige	VERB	NN		Inf						
60005005	23	aber	CCONJ	KON								
60005005	24	geben	VERB	VVFIN		Fin	Pres	3	S	Ind		
60005005	25	er	PRON	PPER				3	S		Nom	M
60005005	26	Gnade	NOUN	NN					S		Nom	F
60005006	1	so	ADV	ADV								
60005006	2	Demütiget	NOUN	NN					S		Nom	N
60005006	3	euch	PRON	PPER				2	P		Dat	
60005006	4	nun	ADV	ADV								
60005006	5	unter	ADP	APPR								
60005006	6	der	DET	ART					S		Nom	F
60005006	7	mächtig	ADJ	ADJA	Pos				S		Nom	F
60005006	8	Hand	NOUN	NN					S		Nom	F
60005006	9	Gott	NOUN	NN					S		Gen	M
60005006	10	auf	ADP	PTKVZ								
60005006	11	daß	SCONJ	KOUS								
60005006	12	er	PRON	PPER				3	S		Nom	M
60005006	13	euch	PRON	PPER				2	P		Dat	
60005006	14	erhöhen	VERB	VVFIN		Fin	Pres	3	S	Sub		
60005006	15	zu	ADP	APPRART					S		Dat	F
60005006	16	rechter	ADJ	ADJA	Pos				S		Dat	N
60005006	17	Zeit	NOUN	NN					S		Nom	F
60005007	1	indem	SCONJ	KOUS								
60005007	2	ihr	PRON	PPOSAT				3	S		Dat	F
60005007	3	aller	PRON	PIS					P		Nom	
60005007	4	eure	DET	PPOSAT					S		Nom	F
60005007	5	Sorge	NOUN	NN					S		Nom	F
60005007	6	auf	ADP	PTKVZ								
60005007	7	ihn	PRON	PPER				3	S		Acc	M
60005007	8	Werfet	PROPN	NE					S		Nom	N
60005007	9	denn	CCONJ	KON								
60005007	10	er	PRON	PPER				3	S		Nom	M
60005007	11	sein	AUX	VAFIN		Fin	Pres	3	S	Ind		
60005007	12	besorgt	ADV	ADJD	Pos							
60005007	13	für	ADP	APPR								
60005007	14	euch	PRON	PPER				2	P		Dat	
60005008	1	Seid	NOUN	VAFIN					S		Acc	N
60005008	2	nüchtern	ADV	ADJD	Pos							
60005008	3	wachet	PROPN	NE					S		Nom	
60005008	4	euer	DET	PPOSAT					S		Nom	M
60005008	5	Widersacher	NOUN	NN					S		Nom	M
60005008	6	der	DET	ART					S		Nom	M
60005008	7	Teufel	PROPN	NE					S		Nom	M
60005008	8	gehen	VERB	VVFIN		Fin	Pres	3	S	Ind		
60005008	9	umher	ADP	PTKVZ								
60005008	10	wie	ADP	KOKOM								
60005008	11	ein	DET	ART					S		Nom	N
60005008	12	brüllend	ADV	ADJD	Cmp							
60005008	13	Löwe	PROPN	NE					S		Nom	M
60005008	14	und	CCONJ	KON								
60005008	15	suchen	VERB	VVFIN		Fin	Pres	3	S	Ind		
60005008	16	wen	PRON	PWS					S		Acc	M
60005008	17	er	PRON	PPER				3	S		Nom	M
60005008	18	verschlingen	VERB	VVFIN		Fin	Pres	3	S	Sub		
60005009	1	der	DET	ART					S		Dat	M
60005009	2	Widerstehet	PROPN	NE					S		Nom	F
60005009	3	standhaft	ADV	ADJD	Pos							
60005009	4	in	ADP	APPRART					S		Dat	N
60005009	5	Glaube	NOUN	NN					S		Acc	M
60005009	6	da	ADV	ADV								
60005009	7	ihr	PRON	PPOSAT				3	S		Dat	F
60005009	8	wisset	VERB	VVFIN		Fin	Pres	3	S	Ind		
60005009	9	daß	SCONJ	KOUS								
60005009	10	derselbe	DET	PDAT					S		Nom	F
60005009	11	leiden	NOUN	NN					S		Nom	N
60005009	12	sich	PRON	PRF				3	S		Acc	
60005009	13	vollziehen	VERB	VVINF		Inf						
60005009	14	an	ADP	PTKVZ								
60005009	15	eurer	PRON	PPOSAT							Gen	
60005009	16	Brüderschaft	NOUN	NN					S		Nom	F
60005009	17	der	DET	ART					S		Nom	F
60005009	18	in	ADP	APPR								
60005009	19	der	DET	ART					S		Nom	M
60005009	20	Welt	NOUN	NN					S		Nom	F
60005009	21	sein	AUX	VAFIN		Fin	Pres	3	S	Ind		
60005010	1	der	DET	ART					S		Nom	M
60005010	2	Gott	NOUN	NN					S		Nom	M
60005010	3	aller	DET	PIAT					P		Gen	
60005010	4	Gnade	NOUN	NN					S		Nom	F
60005010	5	aber	CCONJ	KON								
60005010	6	der	DET	ART					S		Nom	M
60005010	7	euch	PRON	PPER				2	P		Dat	
60005010	8	berufen	VERB	VVPP		Part						
60005010	9	haben	AUX	VAFIN		Fin	Pres	3	S	Ind		
60005010	10	zu	ADP	PTKVZ								
60005010	11	sein	DET	PPOSAT					S		Dat	F
60005010	12	ewig	ADJ	ADJA	Pos				S		Acc	M
60005010	13	Herrlichkeit	NOUN	NN					S		Nom	F
60005010	14	in	ADP	APPR								
60005010	15	Christo	PROPN	NE					S		Nom	M
60005010	16	Jesu	PROPN	NE					S		Gen	
60005010	17	nachdem	SCONJ	KOUS								
60005010	18	ihr	PRON	PPOSAT				3	S		Dat	F
60005010	19	ein	DET	ART					S		Nom	F
60005010	20	klein	ADJ	ADJA	Pos				S		Nom	F
60005010	21	Zeit	NOUN	NN					S		Nom	F
60005010	22	gelitten	VERB	VVPP		Part						
60005010	23	habben	VERB	VAFIN				2	P	Imp		
60005010	24	er	PRON	PPER				3	S		Nom	M
60005010	25	selbst	ADV	ADV								
60005010	26	werden	AUX	VAFIN		Fin	Pres	3	S	Ind		
60005010	27	euch	PRON	PPER				2	P		Dat	
60005010	28	vollkommen	ADV	ADJD	Pos							
60005010	29	machen	VERB	VVINF		Inf						
60005010	30	befestigen	VERB	VVINF		Inf						
60005010	31	kräftig	ADJ	ADJA	Pos				S		Acc	M
60005010	32	gründen	VERB	VVINF		Inf						
60005011	1	ihm	PRON	PPER				3	S		Dat	M
60005011	2	sein	AUX	VAFIN		Fin	Pres	3	S	Sub		
60005011	3	der	DET	ART					S		Nom	F
60005011	4	Herrlichkeit	NOUN	NN					S		Nom	F
60005011	5	und	CCONJ	KON								
60005011	6	der	DET	ART					S		Nom	F
60005011	7	Macht	NOUN	NN					S		Nom	F
60005011	8	von	ADP	APPR								
60005011	9	Ewigkeit	NOUN	NN					S		Nom	F
60005011	10	zu	ADP	PTKVZ								
60005011	11	Ewigkeit	NOUN	NN					S		Nom	F
60005011	12	Amen	NOUN	NN					S		Nom	N
60005012	1	durch	ADP	APPR								
60005012	2	Silvanus	PROPN	NE					S		Nom	
60005012	3	der	DET	ART					S		Acc	M
60005012	4	treu	VERB	VVFIN		Fin	Pres	3	P	Ind		
60005012	5	Bruder	NOUN	NN					S		Nom	M
60005012	6	wie	ADP	KOKOM								
60005012	7	ich	PRON	PPER				1	S		Nom	
60005012	8	dafür	ADV	PROAV								
60005012	9	halten	VERB	VVFIN		Fin	Pres	3	S	Sub		
60005012	10	haben	AUX	VAFIN		Fin	Pres	3	S	Sub		
60005012	11	ich	PRON	PPER				1	S		Nom	
60005012	12	euch	PRON	PPER				2	P		Dat	
60005012	13	mit	ADP	APPR								
60005012	14	wenig	DET	PIAT								
60005012	15	schreiben	VERB	VVPP		Part						
60005012	16	euch	PRON	PPER				2	P		Dat	
60005012	17	ermahnend	ADV	ADJD	Pos							
60005012	18	und	CCONJ	KON								
60005012	19	Bezeugend	NOUN	NN					S		Nom	N
60005012	20	daß	SCONJ	KOUS								
60005012	21	dieser	PRON	PDS					S		Nom	N
60005012	22	der	DET	ART					S		Nom	F
60005012	23	wahr	ADJ	ADJA	Pos				S		Nom	F
60005012	24	Gnade	NOUN	NN					S		Nom	F
60005012	25	Gott	NOUN	NN					S		Gen	M
60005012	26	sein	AUX	VAFIN		Fin	Pres	3	S	Ind		
60005012	27	in	ADP	APPR								
60005012	28	welcher	PRON	PWAT					S		Nom	M
60005012	29	ihr	PRON	PPOSAT				3	S		Dat	F
60005012	30	steheen	VERB	VVFIN		Fin	Pres	3	S	Ind		
60005013	1	es	PRON	PPER				3	S		Nom	N
60005013	2	grüßen	VERB	VVFIN		Fin	Pres	3	S	Ind		
60005013	3	euch	PRON	PPER				2	P		Dat	
60005013	4	der	DET	ART					S		Nom	F
60005013	5	Miterwählte	NOUN	NN					S		Nom	F
60005013	6	in	ADP	APPR								
60005013	7	Babylon	PROPN	NE					S		Nom	N
60005013	8	und	CCONJ	KON								
60005013	9	Markus	PROPN	NE					S		Nom	M
60005013	10	mein	DET	PPOSAT					S		Nom	N
60005013	11	Sohn	NOUN	NN					S		Nom	M
60005014	1	Grüßet	NOUN	NN					S		Nom	F
60005014	2	sich	PRON	PRF				3	P		Dat	
60005014	3	mit	ADP	APPR								
60005014	4	der	DET	ART					S		Dat	M
60005014	5	Kuß	NOUN	NN					S		Nom	M
60005014	6	der	DET	ART					S		Nom	M
60005014	7	Liebe	NOUN	NN					S		Nom	F
60005014	8	Friede	NOUN	NN					S		Nom	M
60005014	9	euch	PRON	PPER				2	P		Dat	
60005014	10	aller	DET	PIS					P		Dat	
60005014	11	der	DET	ART					S		Nom	F
60005014	12	ihr	PRON	PPOSAT				3	S		Dat	F
60005014	13	in	ADP	APPR								
60005014	14	Christo	PROPN	NE					S		Nom	M
60005014	15	sein	AUX	VAFIN		Fin	Pres	2	P	Ind		
